X,Y,N�,DREN,CODE ETA,ETABLISSEM,COMMUNE,QUARTIER,LATITUDE,LONGITUDE,NATURE ETA,EFFECTIF T,field_11,field_12,field_13,icon_url
-3.9667,5.378,"1",ABIDJAN 1,"190336",COLLEGE LES FIGUIERS Cocody,COCODY,RIVIERA,5.378000000000000,-3.966700000000000,GENERALE,"1663",,,,./0.png
-3.9724,5.3758,"2",ABIDJAN 1,"39693",COLLEGE PRIVE LE MUGUET / Cocody-Riviera,COCODY,RIVIERA,5.375800000000000,-3.972400000000000,GENERALE,"153",,,,./0.png
-3.9662,5.3588,"3",ABIDJAN 1,"316",COLLEGE VICTOR SCHOELCHER RIVIERA,COCODY,RIVIERA,5.358800000000000,-3.966200000000000,GENERALE,"447",,,,./0.png
-3.9804,5.3536,"4",ABIDJAN 1,"57939",COLLEGE PRIVE CATHOLIQUE PERE MONTI,COCODY,RIVIERA,5.353600000000000,-3.980400000000000,GENERALE,"236",,,,./0.png
-3.9782,5.356,"5",ABIDJAN 1,"36055",GROUPE SCOLAIRE ANDRE MALRAUX COCODY RIVIERA,COCODY,RIVIERA,5.356000000000000,-3.978200000000000,GENERALE,"698",,,,./0.png
-3.9925,5.3764,"6",ABIDJAN 1,"312",GROUPE SCOLAIRE THANON NAMANKO COCODY 2 PLATEAUX,COCODY,2 PLATEAUX,5.376400000000000,-3.992500000000000,GENERALE,"505",,,,./0.png
-3.9788,5.393,"7",ABIDJAN 1,"190101",COLLEGE KEMA COCODY,COCODY,ANGRE,5.393000000000000,-3.978800000000000,GENERALE,"743",,,,./0.png
-3.9947,5.4114,"8",ABIDJAN 1,"10648",COLLEGE VICTOR LOBA DJOKOUEHI DE COCODY,COCODY,ANGRE-ABOBO-BAOULE,5.411400000000000,-3.994700000000000,GENERALE,"611",,,,./0.png
-3.9874,5.3951,"9",ABIDJAN 1,"21307",ECOLE NOUVELLE IVOIRIENNE (ENI) Cocody Angr�,COCODY,ANGRE,5.395100000000000,-3.987400000000000,GENERALE,"50",,,,./0.png
-3.9885,5.3874,"10",ABIDJAN 1,"190342",GROUPE SCOLAIRE LONNY ROSE,COCODY,COCODY-7eme-TRANCHE,5.387400000000000,-3.988500000000000,GENERALE,"555",,,,./0.png
-4.0078,5.3695,"11",ABIDJAN 1,"39697",COLLEGE PRIVE SHALOM /,COCODY,COCODY- 2 PLATEAUX,5.369500000000000,-4.007800000000000,GENERALE,"668",,,,./0.png
-4.0136,5.3673,"12",ABIDJAN 1,"190216",GROUPE MISA COCODY,COCODY,2 PLATEAUX,5.367300000000000,-4.013600000000000,GENERALE,"565",,,,./0.png
-3.9968,5.3435,"13",ABIDJAN 1,"17146",GROUPE SCOLAIRE PRIVE PROSPER MERIMEE Cocody,COCODY,COCODY-CITE DES ARTS,5.343500000000000,-3.996800000000000,GENERALE,"511",,,,./0.png
-3.9543,5.3835,"14",ABIDJAN 1,"10993",COLLEGE SAINT VIATEUR COCODY,COCODY,RIVIERA,5.383500000000000,-3.954300000000000,GENERALE,"718",,,,./0.png
-3.9434,5.3394,"15",ABIDJAN 1,"39695",COLLEGE PRIVE LES SCARABEES / COCODY,COCODY,RIVIERA,5.339400000000000,-3.943400000000000,GENERALE,"300",,,,./0.png
-3.9551,5.3502,"16",ABIDJAN 1,"341",GROUPE SCOLAIRE L'ARDOISE,COCODY,RIVIERA-III,5.350200000000000,-3.955100000000000,GENERALE,"541",,,,./0.png
-3.9678,5.3548,"17",ABIDJAN 1,"35218",COLLEGE LE PHENIX Cocody,COCODY,RIVIERA-III,5.354800000000000,-3.967800000000000,GENERALE,"294",,,,./0.png
-3.9239,5.3596,"18",ABIDJAN 1,"57942",COLLEGE PRIVE INTERNATIONALE LEONARD DE VINCI ABATTA,COCODY,ABATTA,5.359600000000000,-3.923900000000000,GENERALE,"24",,,,./0.png
-3.9421,5.3861,"19",ABIDJAN 1,"54595",COLLEGE PRIVE MARIE LALOU DE COCODY,COCODY,RIVIERA-PALMERAIE,5.386100000000000,-3.942100000000000,GENERALE,"57",,,,./0.png
-3.9794,5.364,"20",ABIDJAN 1,"190024",GROUPE SCOLAIRE JULES FERRY COCODY,COCODY,ATTOBAN,5.364000000000000,-3.979400000000000,GENERALE,"804",,,,./0.png
-3.993,5.3927,"21",ABIDJAN 1,"49703",COLLEGE IMPERIAL DE COCODY,COCODY,ANGRE,5.392700000000000,-3.993000000000000,GENERALE,"211",,,,./0.png
-3.9736,5.4131,"22",ABIDJAN 1,"21363",GROUPE SCOLAIRE TRAYE BERNARD,COCODY,ANGRE,5.413100000000000,-3.973600000000000,GENERALE,"147",,,,./0.png
-3.9505,5.3304,"23",ABIDJAN 1,"49578",COLLEGE PRIVE OLIVIER DE SARDAN DE RIVIERA CIAD,COCODY,RIVIERA CIAD,5.330400000000000,-3.950500000000000,GENERALE,"121",,,,./0.png
-3.9495,5.3334,"24",ABIDJAN 1,"54597",GROUPE SCOLAIRE JEAN XIII DE COCODY,COCODY,RIVIERA CIAD,5.333400000000000,-3.949500000000000,GENERALE,"19",,,,./0.png
-3.9376,5.329,"25",ABIDJAN 1,"190294",COLLEGE LE NAVIRE (Ex La Pirogue),COCODY,RIVIERA-M'BADON,5.329000000000000,-3.937600000000000,GENERALE,"526",,,,./0.png
-3.9407,5.331,"26",ABIDJAN 1,"39689",COLLEGE CATHOLIQUE SAINT PAUL / M'BADON,COCODY,RIVIERA-M'BADON,5.331000000000000,-3.940700000000000,GENERALE,"679",,,,./0.png
-3.9101,5.3815,"27",ABIDJAN 1,"41604",COLLEGE PRIVE LE MIRI / BINGERVILLE,BINGERVILLE,,5.381500000000000,-3.910100000000000,GENERALE,"241",,,,./0.png
-3.8825,5.3493,"28",ABIDJAN 1,"54593",COLLEGE PRIVE FLEUR DE LYS DE BINGERVILLE,BINGERVILLE,,5.349300000000000,-3.882500000000000,GENERALE,"80",,,,./0.png
-3.991,5.3692,"29",ABIDJAN 1,"343",GROUPE SCOLAIRE LES DAUPHINS 2 PLATEAUX,COCODY,2 PLATEAUX,5.369200000000000,-3.991000000000000,GENERALE,"495",,,,./0.png
-3.9716,5.3964,"30",ABIDJAN 1,"39691",COLLEGE LES ROSIERS / COCODY,COCODY,ANGRE-DJIBI,5.396400000000000,-3.971600000000000,GENERALE,"92",,,,./0.png
-3.9936,5.3467,"31",ABIDJAN 1,"325",COURS SECONDAIRE METHODISTE COCODY,COCODY,COCODY-CHU,5.346700000000000,-3.993600000000000,GENERALE,"688",,,,./0.png
-3.9509,5.3761,"32",ABIDJAN 1,"190604",GROUPE SCOLAIRE LOUIS NICOLLIN,COCODY,RIVIERA-PALMERAIE,5.376100000000000,-3.950900000000000,GENERALE,"171",,,,./0.png
-3.9634,5.4081,"33",ABIDJAN 1,"21362",COURS SECONDAIRE METHODISTE JOHN WESLEY Cocody,COCODY,ANGRE,5.408100000000000,-3.963400000000000,GENERALE,"575",,,,./0.png
-3.9854,5.4057,"34",ABIDJAN 1,"10092",GROUPE SCOLAIRE COMMANDANT COUSTEAU  COCODY,COCODY,ANGRE,5.405700000000000,-3.985400000000000,GENERALE,"708",,,,./0.png
-3.9799,5.4156,"35",ABIDJAN 1,"8977",INSTITUT SCOLAIRE LAVOISIER,COCODY,ANGRE-CHATEAU,5.415600000000000,-3.979900000000000,GENERALE,"824",,,,./0.png
-3.9894,5.4162,"36",ABIDJAN 1,"25013",COLLEGE PRIVE LES FLORIANES,COCODY,ANGRE-CHATEAU,5.416200000000000,-3.989400000000000,GENERALE,"1087",,,,./0.png
-3.9915,5.4151,"37",ABIDJAN 1,"33217",COLLEGE EBURNIE,COCODY,ANGRE-CHATEAU,5.415100000000000,-3.991500000000000,GENERALE,"529",,,,./0.png
-3.965,5.3987,"38",ABIDJAN 1,"197015",COLLEGE PRIVE LE PONT NEUF DE COCODY,COCODY,BESSIKOI-CITE-DIASPORA,5.398700000000000,-3.965000000000000,GENERALE,"10",,,,./0.png
-4.0005,5.3875,"39",ABIDJAN 1,"49580",COLLEGE PRIVE WINGNIUM DE COCODY,COCODY,AU SEIN DE ITS,5.387500000000000,-4.000500000000000,GENERALE,"17",,,,./0.png
-4.0015,5.3653,"40",ABIDJAN 1,"190276",COLLEGE SANTA ANNA,COCODY,2 PLATEAUX,5.365300000000000,-4.001500000000000,GENERALE,"200",,,,./0.png
-3.9724,5.3831,"41",ABIDJAN 1,"41606",COLLEGE S. MARC,COCODY,ANGRE,5.383100000000000,-3.972400000000000,GENERALE,"52",,,,./0.png
-4.0223,5.3277,"42",ABIDJAN 1,"280",COLLEGE NOTRE DAME PLATEAU,PLATEAU,AVENUE CORSET,5.327700000000000,-4.022300000000000,GENERALE,"692",,,,./0.png
-4.02,5.3297,"43",ABIDJAN 1,"328",COURS SECONDAIRE METHODISTE PLATEAU,PLATEAU,BOULEVARD CLOZEL,5.329700000000000,-4.020000000000000,GENERALE,"553",,,,./0.png
-4.0272,5.3521,"44",ABIDJAN 1,"290",COLLEGE SAINT BERNARD ADJAME,ADJAME,MOSQUEE,5.352100000000000,-4.027200000000000,GENERALE,"673",,,,./0.png
-4.0282,5.3529,"45",ABIDJAN 1,"197017",COLLEGE PRIVE NOUR AL HIDAYA DE BROMAKOTE,ADJAME,BROMAKOTE,5.352900000000000,-4.028200000000000,GENERALE,,,,,./0.png
-4.0308,5.3515,"46",ABIDJAN 1,"258",COLLEGE MAKAN TRAORE ADJAME,ADJAME,COMPLEXE MUNICIPALE,5.351500000000000,-4.030800000000000,GENERALE,"796",,,,./0.png
-3.9772,5.3551,"47",ABIDJAN 1,"33024",COLLEGE PRIVE ETIENNE,COCODY,RIVIERA II,5.355100000000000,-3.977200000000000,GENERALE,"850",,,,./0.png
-3.9587,5.3849,"48",ABIDJAN 1,"17144",COLLEGE LA PEROUSE Cocody Rivi�ra Palm�raie,COCODY,RIVIERA PALMERAIE,5.384900000000000,-3.958700000000000,GENERALE,,,,,./0.png
-3.9584,5.3731,"49",ABIDJAN 1,"190190",GROUPE SCOLAIRE AVICENNE RIVIERA,COCODY,RIVIERA,5.373100000000000,-3.958400000000000,GENERALE,"544",,,,./0.png
-3.9295,5.3681,"50",ABIDJAN 1,"54594",COLLEGE PRIVE HENRI CARTAN,COCODY,COCODY RIVIERA FAYA,5.368100000000000,-3.929500000000000,GENERALE,"637",,,,./0.png
-3.9258,5.3783,"51",ABIDJAN 1,"35048",GROUPE SCOLAIRE LES LAUREADES Cocody,COCODY,RIVIERA,5.378300000000000,-3.925800000000000,GENERALE,"619",,,,./0.png
-3.9287,5.3597,"52",ABIDJAN 1,"35222",COLLEGE PIERRE CHARLES II Cocody Akou�do,COCODY,RIVIERA-AKOUEODO,5.359700000000000,-3.928700000000000,GENERALE,"242",,,,./0.png
-4.0253,5.3597,"53",ABIDJAN 1,"353",INSTITUT SACRE COEUR D'ADJAME (ISCA),ADJAME,BRACODI,5.359700000000000,-4.025300000000000,GENERALE,"631",,,,./0.png
-4.0186,5.3523,"54",ABIDJAN 1,"315",COLLEGE VICTOR SCHOELCHER ADJAME,ADJAME,220 LOGEMENTTS,5.352300000000000,-4.018600000000000,GENERALE,"1208",,,,./0.png
-4.0205,5.3519,"55",ABIDJAN 1,"275",COLLEGE MONTHERLANT ADJAME,ADJAME,GARE GAMON,5.351900000000000,-4.020500000000000,GENERALE,"635",,,,./0.png
-4.0179,5.3509,"56",ABIDJAN 1,"354",INSTITUT SOMA SAMAKE ADJAME,ADJAME,220 LOGEMENTTS,5.350900000000000,-4.017900000000000,GENERALE,"679",,,,./0.png
-4.0209,5.3516,"57",ABIDJAN 1,"12242",INSTITUT SCOLAIRE PRIVE MARDOCHEE (ISPM) ADJAME,ADJAME,VERS UTB ADJAME,5.351600000000000,-4.020900000000000,GENERALE,"557",,,,./0.png
-4.0269,5.3695,"58",ABIDJAN 1,"21304",COLLEGE PRIVE HARMONIE DES VAINQUEURS 2 Adjam�,ADJAME,VERS MACACI,5.369500000000000,-4.026900000000000,GENERALE,"513",,,,./0.png
-4.022,5.3754,"59",ABIDJAN 1,"33026",COLLEGE PRIVE LE PANTHEON 2 Williamsville,ADJAME,WILLIAMSVILLE-MACACI,5.375400000000000,-4.022000000000000,GENERALE,"979",,,,./0.png
-4.0223,5.3653,"60",ABIDJAN 1,"249",COLLEGE LE PANTHEON WILLIAMSVILLE,ADJAME,WILLIAMSVILLE,5.365300000000000,-4.022300000000000,GENERALE,"892",,,,./0.png
-4.019,5.3647,"61",ABIDJAN 1,"33040",GROUPE SCOLAIRE BA'OULEHN Williamsville,ADJAME,WILLIAMSVILLE,5.364700000000000,-4.019000000000000,GENERALE,"946",,,,./0.png
-4.0158,5.378,"62",ABIDJAN 1,"49577",COLLEGE PRIVE MERLAN DE ADJAME,ADJAME,PAILLET,5.378000000000000,-4.015800000000000,GENERALE,"447",,,,./0.png
-3.9789,5.3756,"63",ABIDJAN 1,"190289",COLLEGE INTERNATIONAL FRED ET POPEE COCODY,COCODY,ANGRE CAFEIER,5.375600000000000,-3.978900000000000,GENERALE,"164",,,,./0.png
-3.9498,5.3661,"64",ABIDJAN 1,"49576",COLLEGE PRIVE IRFT-REHOBOTH DE RIVIERA-PALMERAIRE,COCODY,RIVIERA-PALMERAIRE,5.366100000000000,-3.949800000000000,GENERALE,"46",,,,./0.png
-3.9221,5.3665,"65",ABIDJAN 1,"57938",COLLEGE PRIVE AKANJI,COCODY,RIVIERA AKOUEDO TF 233,5.366500000000000,-3.922100000000000,GENERALE,"6",,,,./0.png
-3.8786,5.3561,"66",ABIDJAN 1,"10907",COLLEGE LE CONQUERANT BINGERVILLE,BINGERVILLE,,5.356100000000000,-3.878600000000000,GENERALE,,,,,./0.png
-3.8859,5.3401,"67",ABIDJAN 1,"291",COLLEGE SAINT CYRILLE BINGERVILLE,BINGERVILLE,,5.340100000000000,-3.885900000000000,GENERALE,,,,,./0.png
-3.8711,5.368,"68",ABIDJAN 1,"197024",COLLEGE PRIVE BONNE ESPERANCE,BINGERVILLE,DJOBISSANDRET 1,5.368000000000000,-3.871100000000000,GENERALE,,,,,./0.png
-3.8951,5.4003,"69",ABIDJAN 1,"49579",COLLEGE PRIVE POYANNE DE BINGERVILLE,BINGERVILLE,AKANJE,5.400300000000000,-3.895100000000000,GENERALE,,,,,./0.png
0,0,"70",ABIDJAN 1,"282",COLLEGE BA'OULEHN 2 ADJAME 220 LOGEMENTS,ADJAME,220 LOGEMENTS,,,GENERALE,,,,,./0.png
-3.8951,5.3855,"71",ABIDJAN 1,"41602",COLLEGE MOAYE-DHAN / BINGERVILLE,BINGERVILLE,,5.385500000000000,-3.895100000000000,GENERALE,,,,,./0.png
-3.8943,5.3595,"72",ABIDJAN 1,"41603",COLLEGE PRIVE ARHOGNINCI / BINGERVILLE,BINGERVILLE,,5.359500000000000,-3.894300000000000,GENERALE,,,,,./0.png
0,0,"73",ABIDJAN 1,"49575",COLLEGE PRIVE GNACANACI EXCELLENCE DE BINGERVILLE,BINGERVILLE,,,,GENERALE,,,,,./0.png
0,0,"74",ABIDJAN 1,"56635",COLLEGE PRIVE LES ANETTES DE BINGERVILLE,BINGERVILLE,,,,GENERALE,,,,,./0.png
0,0,"75",ABIDJAN 1,"41605",COLLEGE PRIVE MARIE LEVY / ANA-BINGERVILLE,BINGERVILLE,,,,GENERALE,,,,,./0.png
0,0,"76",ABIDJAN 1,"54596",COLLEGE PRIVE ZAONDE DE BINGERVILLE,BINGERVILLE,,,,GENERALE,,,,,./0.png
0,0,"77",ABIDJAN 1,"190603",GROUPE SCOLAIRE DJEKAT IGNACE DE LOYOLA BINGERVILLE,BINGERVILLE,,,,GENERALE,,,,,./0.png
-3.8854,5.3569,"78",ABIDJAN 1,"323",COURS SECONDAIRE CATHOLIQUE BINGERVILLE,BINGERVILLE,,5.356900000000000,-3.885400000000000,GENERALE,,,,,./0.png
0,0,"79",ABIDJAN 1,"17270",INSTITUT CHARLES LE ROY Cocody Rivi�ra,COCODY,RIVIERA PALMERAIE,,,GENERALE,,,,,./0.png
0,0,"80",ABIDJAN 1,"33217",COLLEGE DJASSAYE NIANGORAN (CDN) Adjam�,ADJAME,,,,GENERALE,,,,,./0.png
-4.0272,5.3602,"81",ABIDJAN 1,"190294",COLLEGE LE GRAND II ADJAM� (ex-la concorde),ADJAME,BRACODI,5.360200000000000,-4.027200000000000,GENERALE,,,,,./0.png
0,0,"82",ABIDJAN 1,"33026",COLLEGE PRIVE KADIS RAOUDA DE BESSIKOI,ADJAME,WILLIAMSVILLE,,,GENERALE,,,,,./0.png
-3.9749,5.3929,"83",ABIDJAN 1,"315",COLLEGE SAINTE CAMILLE COCODY,COCODY,ANGRE,5.392900000000000,-3.974900000000000,GENERALE,,,,,./0.png
-3.9254,5.3497,"84",ABIDJAN 1,"321",COLLEGE VENEZUA COCODY,COCODY,RIVIERA 5,5.349700000000000,-3.925400000000000,GENERALE,,,,,./0.png
-4.0242,5.3605,"85",ABIDJAN 1,"21307",COLLEGE VICTOR HUGO ADJAME,ADJAME,MOSQUEE HABITAT,5.360500000000000,-4.024200000000000,GENERALE,,,,,./0.png
0,0,"86",ABIDJAN 1,"10092",COURS LOBA ADJAME,ADJAME,220 LOGEMENTS,,,GENERALE,,,,,./0.png
-3.9426,5.3648,"87",ABIDJAN 1,"10993",GS HENRI BARBUSSE (Ex-MKL) COCODY,COCODY,RIVIERA PALMERAIE,5.364800000000000,-3.942600000000000,GENERALE,,,,,./0.png
-3.9921,5.3082,"88",ABIDJAN 2,"383",COURS LOKO MARCORY,MARCORY,MARCORY Residentiel,5.308200000000000,-3.992100000000000,GENERALE,,,,,./0.png
-3.9199,5.2441,"89",ABIDJAN 2,"190014",COLLEGE ATLANTIQUE Port-Bou�t,PORT-BOUET,Adjouffou Route de Bassam Derriere la pharmacie des plages,5.244100000000000,-3.919900000000000,GENERALE,,,,,./0.png
-3.9908,5.3023,"90",ABIDJAN 2,"220",COLLEGE BERETHE MARCORY,MARCORY,MARCORY - Derriere Playce,5.302300000000000,-3.990800000000000,GENERALE,,,,,./0.png
0,0,"91",ABIDJAN 2,"207",COLLEGE D'ENSEIGNEMENT SEC. GENE. TECH.(C.E.S.G.T) Koumassi,KOUMASSI,,,,GENERALE,,,,,./0.png
-3.9506,5.2862,"92",ABIDJAN 2,"8805",COLLEGE D'ENSEIGNEMENT SECONDAIRE KOUMASSI,KOUMASSI,Sow�to - Zone Industrielle,5.286200000000000,-3.950600000000000,GENERALE,,,,,./0.png
-3.9723,5.2859,"93",ABIDJAN 2,"231",COLLEGE DESCARTES  Zone 4C MARCORY,MARCORY,Grand carrefour de Koumassi ISFOP Zone 4,5.285900000000000,-3.972300000000000,GENERALE,,,,,./0.png
-3.9817,5.2602,"94",ABIDJAN 2,"190112",COLLEGE JULES RONSARD 2 PORT-BOUET,PORT-BOUET,Vridi apres terrain petit Bassam derriere la SODECI Vridi,5.260200000000000,-3.981700000000000,GENERALE,,,,,./0.png
0,0,"95",ABIDJAN 2,"240",COLLEGE JULES VALLES KOUMASSI,KOUMASSI,Vers l'eglise Methodiste,,,GENERALE,,,,,./0.png
-3.9651,5.3016,"96",ABIDJAN 2,"242",COLLEGE LA COLOMBE KOUMASSI,KOUMASSI,Remblais,5.301600000000000,-3.965100000000000,GENERALE,,,,,./0.png
0,0,"97",ABIDJAN 2,"49583",COLLEGE LE PEDAGOGUE  DE PORT-BOUET GONZAGUEVILLE,PORT-BOUET - Jean Folly,,,,GENERALE,,,,,./0.png
-3.9576,5.2839,"98",ABIDJAN 2,"11106",COLLEGE LE ROI DES ROIS KOUMASSI,KOUMASSI,Pres du petit marche de la SICOGI 2,5.283900000000000,-3.957600000000000,GENERALE,,,,,./0.png
-3.9596,5.2512,"99",ABIDJAN 2,"21309",COLLEGE LES OLIVIERS DE Port-Bou�t,PORT-BOUET,Vers le lycee moderne de port Bouet,5.251200000000000,-3.959600000000000,GENERALE,,,,,./0.png
-3.9234,5.2482,"100",ABIDJAN 2,"13064",COLLEGE MODERNE LA SILHOUETTE PORT-BOUET,PORT-BOUET,Carrefour de l'aeroport-Derriere WHARF,5.248200000000000,-3.923400000000000,GENERALE,,,,,./0.png
-3.9861,5.3098,"101",ABIDJAN 2,"274",COLLEGE MONTAIGNE MARCORY,MARCORY,Residentiel vers Terminus SOTRA,5.309800000000000,-3.986100000000000,GENERALE,,,,,./0.png
0,0,"102",ABIDJAN 2,"276",COLLEGE MORIJA TREICHVILLE,TREICHVILLE,FERMER,,,GENERALE,,,,,./0.png
-3.9593,5.2942,"103",ABIDJAN 2,"10645",COLLEGE NEOPHYTE VRIDI,PORT-BOUET,Vridi Canal non loin de ESAM,5.294200000000000,-3.959300000000000,GENERALE,,,,,./0.png
0,0,"104",ABIDJAN 2,"190213",COLLEGE NOTRE DAME DES LAGUNES Port-Bouet,PORT-BOUET,Carrefour Terre Rouge-le petit march�,,,GENERALE,,,,,./0.png
-3.9734,5.295,"105",ABIDJAN 2,"283",COLLEGE PASCAL KOUMASSI,KOUMASSI,Boulevard du Gabon apr�s restaurant UTB,5.295000000000000,-3.973400000000000,GENERALE,,,,,./0.png
-3.8946,5.2452,"106",ABIDJAN 2,"190094",COLLEGE PIERRE ET MARIE CURIE PORT-BOUET,PORT-BOUET,Carrefour Chien vers Soci�t� I2T,5.245200000000000,-3.894600000000000,GENERALE,,,,,./0.png
-3.8857,5.2503,"107",ABIDJAN 2,"12113",COLLEGE PRIV� ABRAHAM Port-Bouet,PORT-BOUET,Carrefour Abraham-nouveau march�,5.250300000000000,-3.885700000000000,GENERALE,,,,,./0.png
-3.9827,5.3027,"108",ABIDJAN 2,"56636",COLLEGE PRIVE ANNE MARIE DE MARCORY,MARCORY,Route VGE-Hopital G�n�ral de Marcory,5.302700000000000,-3.982700000000000,GENERALE,,,,,./0.png
-3.9418,5.3143,"109",ABIDJAN 2,"49676",COLLEGE PRIVE CESA  DE KOUMASSI,KOUMASSI,Terminus 05-lyc�e municipal de Koumassi,5.314300000000000,-3.941800000000000,GENERALE,,,,,./0.png
-3.8928,5.2555,"110",ABIDJAN 2,"57945",COLLEGE PRIVE CEVENOL,PORT-BOUET,GONZAGUEVILLE-Route de Bassam,5.255500000000000,-3.892800000000000,GENERALE,,,,,./0.png
0,0,"111",ABIDJAN 2,"33063",COLLEGE PRIVE EZECHIAS 2 Port-Bou�t,PORT-BOUET,,,,GENERALE,,,,,./0.png
-3.9766,5.2945,"112",ABIDJAN 2,"192256",COLLEGE PRIVE GNAGNE AGNES Marcory,MARCORY,MARCORY-POTOPOTO,5.294500000000000,-3.976600000000000,GENERALE,,,,,./0.png
-3.9865,5.3063,"113",ABIDJAN 2,"33064",COLLEGE PRIVE GRACE MARIE KORE Marcory,MARCORY,MARCORY-CENTRE,5.306300000000000,-3.986500000000000,GENERALE,,,,,./0.png
0,0,"114",ABIDJAN 2,"190641",COLLEGE PRIVE KPASSA PORT-BOU�T,PORT-BOUET,,,,GENERALE,,,,,./0.png
0,0,"115",ABIDJAN 2,"190102",COLLEGE PRIVE L'ECLOSION 1 DE KOUMASSI MARCHE,KOUMASSI,,,,GENERALE,,,,,./0.png
-3.8941,5.2396,"116",ABIDJAN 2,"41608",COLLEGE PRIVE LES CARTESIENS D'ABIDJAN / PORT-BOU�T,PORT-BOUET,GONZAGUEVILLE,5.239600000000000,-3.894100000000000,GENERALE,,,,,./0.png
-3.9011,5.2355,"117",ABIDJAN 2,"35067",COLLEGE PRIVE MALLET Port-Bou�t,PORT-BOUET,ADJOUFOU,5.235500000000000,-3.901100000000000,GENERALE,,,,,./0.png
-3.9758,5.2867,"118",ABIDJAN 2,"356",COLLEGE SAFOP ZONE 4C  MARCORY,MARCORY,ZONE 4C,5.286700000000000,-3.975800000000000,GENERALE,,,,,./0.png
0,0,"119",ABIDJAN 2,"303",COLLEGE SAINTE ALBERTINE KOUMASSI,KOUMASSI,,,,GENERALE,,,,,./0.png
-3.9776,5.3045,"120",ABIDJAN 2,"292",COLLEGE SAINT ELYSEE MARCORY,MARCORY,MARCORY POTOPOTO,5.304500000000000,-3.977600000000000,GENERALE,,,,,./0.png
-3.9741,5.2831,"121",ABIDJAN 2,"190015",COLLEGE SAINTE NANCY MARCORY,MARCORY,ZONE 4C,5.283100000000000,-3.974100000000000,GENERALE,,,,,./0.png
-3.8922,5.2497,"122",ABIDJAN 2,"294",COLLEGE SAINT EXUPERY PORT-BOUET,PORT-BOUET,GONZAGUEVILLE,5.249700000000000,-3.892200000000000,GENERALE,,,,,./0.png
-3.9452,5.3132,"123",ABIDJAN 2,"299",COLLEGE SAINT MAURICE D'ALICOT KOUMASSI,KOUMASSI,KOUMASSI EST,5.313200000000000,-3.945200000000000,GENERALE,,,,,./0.png
0,0,"124",ABIDJAN 2,"190629",COLLEGE SOCIAL SIMONE GBAGBO PORT- BOU�T ADJOUFFOU,PORT-BOUET,,,,GENERALE,,,,,./0.png
0,0,"125",ABIDJAN 2,"313",COLLEGE TREICH-LAPLENE TREICHVILLE,TREICHVILLE,,,,GENERALE,,,,,./0.png
0,0,"126",ABIDJAN 2,"190282",COLLEGE VICTOR LOBA DJOKOUEHI DE MARCORY,MARCORY,,,,GENERALE,,,,,./0.png
-3.994,5.3036,"127",ABIDJAN 2,"318",COLLEGE VOLTAIRE MARCORY,MARCORY,MARCORY CENTRE PONT DE GAULE,5.303600000000000,-3.994000000000000,GENERALE,,,,,./0.png
-4.0039,5.3028,"128",ABIDJAN 2,"208",COLLEGE VOLTAIRE TREICHVILLE,TREICHVILLE,TREICHVILLE CENTRE-ARASS,5.302800000000000,-4.003900000000000,GENERALE,,,,,./0.png
-3.9706,5.2992,"129",ABIDJAN 2,"25014",COURS SECONDAIRE LA ROCHELLE / KOUMASSI,KOUMASSI,REMBLAIS,5.299200000000000,-3.970600000000000,GENERALE,,,,,./0.png
0,0,"130",ABIDJAN 2,"17148",COURS SECONDAIRE MARIE HOULDA MARCORY GFCI,MARCORY,,,,GENERALE,,,,,./0.png
-3.9484,5.2998,"131",ABIDJAN 2,"307",COURS SECONDAIRE SAINTE THERESE KOUMASSI,KOUMASSI,KOUMASSI PANGOLIN,5.299800000000000,-3.948400000000000,GENERALE,,,,,./0.png
-3.9872,5.3018,"132",ABIDJAN 2,"215",GROUPE ECOLE ALFRED NOBEL DE MARCORY,MARCORY,KOUMASSI KABLANC FULGENCE,5.301800000000000,-3.987200000000000,GENERALE,,,,,./0.png
0,0,"133",ABIDJAN 2,"190104",GROUPE SCOLAIRE BETHESDA PORT-BOUET,PORT-BOUET,,,,GENERALE,,,,,./0.png
-3.9415,5.312,"134",ABIDJAN 2,"190288",GROUPE SCOLAIRE DES ARTS ET METIERS KOUMASSI,KOUMASSI,SICOGI NORD EST,5.312000000000000,-3.941500000000000,GENERALE,,,,,./0.png
0,0,"135",ABIDJAN 2,"21368",GROUPE SCOLAIRE EL ITRATOU TAHIRA Marcory,MARCORY,,,,GENERALE,,,,,./0.png
0,0,"136",ABIDJAN 2,"190285",GROUPE SCOLAIRE EMMANUEL PORT-BOUET,PORT-BOUET,,,,GENERALE,,,,,./0.png
-3.9617,5.3013,"137",ABIDJAN 2,"336",GROUPE SCOLAIRE ENTENTE KOUMASSI,KOUMASSI,REMBLAIS,5.301300000000000,-3.961700000000000,GENERALE,,,,,./0.png
-3.9788,5.2601,"138",ABIDJAN 2,"35086",GROUPE SCOLAIRE LABION MAXIME,PORT-BOUET,PORT-BOUET PETTIT BASAM,5.260100000000000,-3.978800000000000,GENERALE,,,,,./0.png
-3.9467,5.3027,"139",ABIDJAN 2,"190022",GROUPE SCOLAIRE LA SOURCE KOUMASSI,KOUMASSI,KOUMASSI PRODOMO,5.302700000000000,-3.946700000000000,GENERALE,,,,,./0.png
0,0,"140",ABIDJAN 2,"190080",GROUPE SCOLAIRE LA VOLIERE MARCORY,MARCORY,,,,GENERALE,,,,,./0.png
-3.9465,5.3078,"141",ABIDJAN 2,"246",GROUPE SCOLAIRE LE BON SAMARITAIN KOUMASSI,KOUMASSI,KOUMASSI NORD-EST,5.307800000000000,-3.946500000000000,GENERALE,,,,,./0.png
-3.9015,5.25,"142",ABIDJAN 2,"190608",GROUPE SCOLAIRE LES ROITELETS PORT-BOUET,PORT-BOUET,ADJOUFFOU,5.250000000000000,-3.901500000000000,GENERALE,,,,,./0.png
0,0,"143",ABIDJAN 2,"33093",GROUPE SCOLAIRE NYL'S Port-Bou�t Gonzagueville,PORT-BOUET,,,,GENERALE,,,,,./0.png
-3.8969,5.2417,"144",ABIDJAN 2,"190219",GROUPE SCOLAIRE SAINT CYR 2 PORT-BOUET,PORT-BOUET,GONZAQUEVILLE,5.241700000000000,-3.896900000000000,GENERALE,,,,,./0.png
-3.8972,5.2418,"145",ABIDJAN 2,"12222",GROUPE SCOLAIRE SAINT CYR PORT-BOUET,PORT-BOUET,GONZAGUEVILLE,5.241800000000000,-3.897200000000000,GENERALE,,,,,./0.png
-3.9737,5.3116,"146",ABIDJAN 2,"348",INSTITUT FROEBEL MARCORY,MARCORY,ANOUMANBO,5.311600000000000,-3.973700000000000,GENERALE,,,,,./0.png
-3.9569,5.2815,"147",ABIDJAN 2,"190283",INSTITUT PRIVE ALBERT EINSTEIN Koumassi,KOUMASSI,SICOGI,5.281500000000000,-3.956900000000000,GENERALE,,,,,./0.png
-3.952,5.312,"148",ABIDJAN 2,"12138",INSTITUT SAINTE COLETTE KOUMASSI,KOUMASSI,KOUMASSI NORD-EST-GENDARMERIE�AKOMIABLA,5.312000000000000,-3.952000000000000,GENERALE,,,,,./0.png
0,0,"149",ABIDJAN 2,"190108",INSTITUT SCOLAIRE PRIVE DES ARTS ET METIERS (ISPAM) PORT-BOUET,PORT-BOUET,,,,GENERALE,,,,,./0.png
-3.9616,5.3037,"150",ABIDJAN 2,"190017",INSTITUT SECONDAIRE GENERAL LA COLOMBE KOUMASSI,KOUMASSI,REMBLAIS,5.303700000000000,-3.961600000000000,GENERALE,,,,,./0.png
-3.9591,5.2921,"151",ABIDJAN 2,"10651",INSTITUT TRAORE ADAMA KOUMASSI,KOUMASSI,"MICHIGAN, GRAND MARCHE",5.292100000000000,-3.959100000000000,GENERALE,,,,,./0.png
-3.9956,5.3098,"152",ABIDJAN 2,"13038",COLLEGE ADVENTISTE ABIDJAN,MARCORY,MARCORY Residentiel Boulevard d'achame,5.309800000000000,-3.995600000000000,GENERALE,,,,,./0.png
0,0,"153",ABIDJAN 2,"190215",COLLEGE BAPTISTE MONT SINA� KOUMASSI,KOUMASSI,,,,GENERALE,,,,,./0.png
0,0,"154",ABIDJAN 2,"278",COLLEGE NOTRE DAME D'AFRIQUE BIETRY,MARCORY,,,,GENERALE,,,,,./0.png
-4.0042,5.3059,"155",ABIDJAN 2,"296",COLLEGE SAINT JEAN BOSCO TREICHVILLE,TREICHVILLE,"TREICHVILLE CENTRE, AVENUE REINE POKOU",5.305900000000000,-4.004200000000000,GENERALE,,,,,./0.png
-3.9571,5.2911,"156",ABIDJAN 2,"190109",COURS SECONDAIRE METHODISTE Koumassi,KOUMASSI,"MICHIGAN, GRAND MARCHE",5.291100000000000,-3.957100000000000,GENERALE,,,,,./0.png
-3.9237,5.2517,"157",ABIDJAN 2,"17147",GROUPE SCOLAIRE CELESTE Port-Bou�t,PORT-BOUET,ADJOUFFOU,5.251700000000000,-3.923700000000000,GENERALE,,,,,./0.png
-4.083,5.3446,"158",ABIDJAN 3,"212",COLLEGE AIME CESAIRE YOPOUGON,YOPOUGON,YOPOUGON ATTIE,5.344600000000000,-4.083000000000000,GENERALE,,,,,./0.png
-4.2586,5.3188,"159",ABIDJAN 3,"17149",COLLEGE ALBERT SCHWEITZER,SONGON,Songon M'Brat�,5.318800000000000,-4.258600000000000,GENERALE,,,,,./0.png
-4.1017,5.3369,"160",ABIDJAN 3,"9917",COLLEGE ANADOR YOPOUGON,YOPOUGON,MAROC ANADOR,5.336900000000000,-4.101700000000000,GENERALE,,,,,./0.png
0,0,"161",ABIDJAN 3,"190036",COLLEGE ANDRE GIDE YOPOUGON,YOPOUGON,,,,GENERALE,,,,,./0.png
0,0,"162",ABIDJAN 3,"11062",COLLEGE AUTOROUTE DU NORD  YOPOUGON GESCO,YOPOUGON,,,,GENERALE,,,,,./0.png
-4.1047,5.321,"163",ABIDJAN 3,"224",COLLEGE CARNOT NIANGON-YOPOUGON,YOPOUGON,NIANGON SUD,5.321000000000000,-4.104700000000000,GENERALE,,,,,./0.png
-4.0839,5.3409,"164",ABIDJAN 3,"12117",COLLEGE CIEL PLURIEL YOPOUGON,YOPOUGON,"YOPOUGON ATTIE, SOGEFIA",5.340900000000000,-4.083900000000000,GENERALE,,,,,./0.png
-4.1164,5.3426,"165",ABIDJAN 3,"206",COLLEGE CIPIM YOPOUGON,YOPOUGON,"ROUTE DE DABOU, VERS CIMETIERE",5.342600000000000,-4.116400000000000,GENERALE,,,,,./0.png
-4.0743,5.3632,"166",ABIDJAN 3,"190039",COLLEGE D. BAZ YOPOUGON,YOPOUGON,YOPOUGON ANDOKOI,5.363200000000000,-4.074300000000000,GENERALE,,,,,./0.png
-4.0493,5.3289,"167",ABIDJAN 3,"190166",COLLEGE DES JEUNES FILLES SINGA X,YOPOUGON,YOPOUGON TOIT ROUGE,5.328900000000000,-4.049300000000000,GENERALE,,,,,./0.png
-4.0632,5.3188,"168",ABIDJAN 3,"10656",COLLEGE DORIAN YOPOUGON CAMP MILITAIRE,YOPOUGON,YOPOUGON KOUTE,5.318800000000000,-4.063200000000000,GENERALE,,,,,./0.png
0,0,"169",ABIDJAN 3,"12205",COLLEGE FATOUMA BA YOPOUGON,YOPOUGON,NIANGON SUD A GAUCHE,,,GENERALE,,,,,./0.png
-4.0703,5.3512,"170",ABIDJAN 3,"332",COLLEGE FRELEC SCOLAIRE YOPOUGON,YOPOUGON,SODECI WASSAKARA,5.351200000000000,-4.070300000000000,GENERALE,,,,,./0.png
-4.095,5.35,"171",ABIDJAN 3,"10590",COLLEGE GUCHANROLAIN YOPOUGON,YOPOUGON,ANANERAIE,5.350000000000000,-4.095000000000000,GENERALE,,,,,./0.png
-4.0866,5.3198,"172",ABIDJAN 3,"41609",COLLEGE HARMONY / YOPOUGON,YOPOUGON,NIANGON SUD A GAUCHE,5.319800000000000,-4.086600000000000,GENERALE,,,,,./0.png
0,0,"173",ABIDJAN 3,"49584",COLLEGE HIDAYATOU NACHI INE,YOPOUGON,YOPOUGON -ATTIE,,,GENERALE,,,,,./0.png
-4.0777,5.3548,"174",ABIDJAN 3,"346",COLLEGE I.P.E.S YOPOUGON,YOPOUGON,BANCO 2,5.354800000000000,-4.077700000000000,GENERALE,,,,,./0.png
0,0,"175",ABIDJAN 3,"49885",COLLEGE IRIS 3 DE YOPOUGON,YOPOUGON,,,,GENERALE,,,,,./0.png
-4.0482,5.3402,"176",ABIDJAN 3,"25016",COLLEGE JEAN BAPTISTE DE LA SALLE 2,YOPOUGON,YOPOUGON MOSSIKRO,5.340200000000000,-4.048200000000000,GENERALE,,,,,./0.png
-4.0673,5.3485,"177",ABIDJAN 3,"10650",COLLEGE JEAN-BAPTISTE DE LA SALLE,YOPOUGON,YOPOUGON Wassakara,5.348500000000000,-4.067300000000000,GENERALE,,,,,./0.png
-4.1429,5.3164,"178",ABIDJAN 3,"190044",COLLEGE JEAN FRANCOIS LIONEL YOPOUGON,YOPOUGON,NIANGON SUD,5.316400000000000,-4.142900000000000,GENERALE,,,,,./0.png
-4.0666,5.3611,"179",ABIDJAN 3,"9966",COLLEGE JEANNE DE CAVALLY,YOPOUGON,YOPOUGON ANDOKOI,5.361100000000000,-4.066600000000000,GENERALE,,,,,./0.png
-4.0934,5.3318,"180",ABIDJAN 3,"9958",COLLEGE KONE IDRISSA  YOPOUGON,YOPOUGON,NIANGON BASE CIE,5.331800000000000,-4.093400000000000,GENERALE,,,,,./0.png
-4.0373,5.3462,"181",ABIDJAN 3,"308",COLLEGE KONE MAMADOU (EX-SEBROKO),ATTECOUBE,QUARTIER LA PAIX,5.346200000000000,-4.037300000000000,GENERALE,,,,,./0.png
-4.0982,5.3444,"182",ABIDJAN 3,"13053",COLLEGE LA BAGOUE YOPOUGON,YOPOUGON,NIANGON SUD,5.344400000000000,-4.098200000000000,GENERALE,,,,,./0.png
0,0,"189",ABIDJAN 3,"21312",COLLEGE LA FINE FLEUR Yopougon,YOPOUGON,Banco 2,,,GENERALE,,,,,./0.png
-4.0651,5.3529,"190",ABIDJAN 3,"244",COLLEGE LA SORBONNE YOPOUGON Wassakara,YOPOUGON,YOPOUGON Wassakara,5.352900000000000,-4.065100000000000,GENERALE,,,,,./0.png
0,0,"191",ABIDJAN 3,"49707",COLLEGE LE PARADIS DE PHENIX,YOPOUGON,YOPOUGON - KOWEIT,,,GENERALE,,,,,./0.png
-4.0812,5.3255,"192",ABIDJAN 3,"190230",COLLEGE LE PRESIDENT YOPOUGON,YOPOUGON,YOPOUGON SIDECI,5.325500000000000,-4.081200000000000,GENERALE,,,,,./0.png
0,0,"193",ABIDJAN 3,"12115",COLLEGE LE ROI DAVID YOPOUGON,YOPOUGON,,,,GENERALE,,,,,./0.png
-4.0527,5.3454,"194",ABIDJAN 3,"190237",COLLEGE LES PHALENES 2 YOPOUGON Banco R�sidence 2,YOPOUGON,BANCO NORD,5.345400000000000,-4.052700000000000,GENERALE,,,,,./0.png
-4.061,5.3304,"195",ABIDJAN 3,"257",COLLEGE LES PHALENES YOPOUGON,YOPOUGON,YOPOUGON SAPEUR POMPIER,5.330400000000000,-4.061000000000000,GENERALE,,,,,./0.png
0,0,"196",ABIDJAN 3,"10423",COLLEGE LES PIGEONS YOPOUGON,YOPOUGON,,,,GENERALE,,,,,./0.png
-4.0904,5.3398,"197",ABIDJAN 3,"190045",COLLEGE MAMADOU TRAORE YOPOUGON,YOPOUGON,ANANERAIE,5.339800000000000,-4.090400000000000,GENERALE,,,,,./0.png
-4.0935,5.3581,"198",ABIDJAN 3,"190221",COLLEGE MAMIE ADJOUA YOPOUGON,YOPOUGON,ANANERAIE,5.358100000000000,-4.093500000000000,GENERALE,,,,,./0.png
-4.0766,5.3259,"199",ABIDJAN 3,"190341",COLLEGE MERAJEA YOPOUGON,YOPOUGON,YOPOUGON SIDECI PALAIS,5.325900000000000,-4.076600000000000,GENERALE,,,,,./0.png
-4.0731,5.3664,"200",ABIDJAN 3,"260",COLLEGE MINERVA YOPOUGON,YOPOUGON,YOPOUGON ANDOKOI,5.366400000000000,-4.073100000000000,GENERALE,,,,,./0.png
0,0,"201",ABIDJAN 3,"13051",COLLEGE MITTERAND YOPOUGON,YOPOUGON,,,,GENERALE,,,,,./0.png
-4.0859,5.3056,"202",ABIDJAN 3,"17150",COLLEGE MONACO Yopougon,YOPOUGON,YOPOUGON AZITO,5.305600000000000,-4.085900000000000,GENERALE,,,,,./0.png
-4.0833,5.3272,"203",ABIDJAN 3,"190635",COLLEGE MONAJOCE YOPOUGON SIDECI,YOPOUGON,YOPOUGON SIDECI,5.327200000000000,-4.083300000000000,GENERALE,,,,,./0.png
-4.1005,5.3442,"204",ABIDJAN 3,"13056",COLLEGE NADJATE  YOPOUGON,YOPOUGON,ANANERAIE,5.344200000000000,-4.100500000000000,GENERALE,,,,,./0.png
-4.0516,5.3319,"205",ABIDJAN 3,"281",COLLEGE OFFOUMOU YAPO YOPOUGON,YOPOUGON,"BANCO NORD, TOIT ROUGE",5.331900000000000,-4.051600000000000,GENERALE,,,,,./0.png
-4.0808,5.3429,"206",ABIDJAN 3,"190170",COLLEGE PENITHOLONY YOPOUGON Atti�,YOPOUGON,YOPOUGON ATTIE,5.342900000000000,-4.080800000000000,GENERALE,,,,,./0.png
-4.1063,5.3501,"207",ABIDJAN 3,"190223",COLLEGE PIERRE LE GRAND YOPOUGON,YOPOUGON,ANANERAIE,5.350100000000000,-4.106300000000000,GENERALE,,,,,./0.png
0,0,"208",ABIDJAN 3,"54653",COLLEGE PRIVE DJABAR DE YOPOUGON MICAO,YOPOUGON,,,,GENERALE,,,,,./0.png
0,0,"209",ABIDJAN 3,"54654",COLLEGE PRIVE DJIBI 2 D'ANGUEDEDOU,SONGON,,,,GENERALE,,,,,./0.png
-4.0632,5.3189,"210",ABIDJAN 3,"41610",COLLEGE PRIVE DORIAN 2 / YOPOUGON Z.I,YOPOUGON,YOPOUGON KOUTE,5.318900000000000,-4.063200000000000,GENERALE,,,,,./0.png
0,0,"211",ABIDJAN 3,"54655",COLLEGE PRIVE GLORIS 2 DE YOPOUGON TOITS ROUGES,YOPOUGON,YOPOUGON TOITS ROUGES,,,GENERALE,,,,,./0.png
0,0,"212",ABIDJAN 3,"57946",COLLEGE PRIVE GNAN MINLE SOUAH DE SONGON,SONGON,,,,GENERALE,,,,,./0.png
-4.2542,5.3247,"213",ABIDJAN 3,"41611",COLLEGE PRIVE JULES ET MARCELLE / SONGON,SONGON,SONGON-AGBAN,5.324700000000000,-4.254200000000000,GENERALE,,,,,./0.png
0,0,"214",ABIDJAN 3,"39701",COLLEGE PRIVE LAETITIA / YOPOUGON,YOPOUGON,,,,GENERALE,,,,,./0.png
0,0,"215",ABIDJAN 3,"49586",COLLEGE PRIVE LA ROSE DE YOPOUGON,YOPOUGON,,,,GENERALE,,,,,./0.png
-4.0955,5.3411,"216",ABIDJAN 3,"12118",COLLEGE PRIVE L'ECLOSION 2,YOPOUGON,YOPOUGON ANANERAIE,5.341100000000000,-4.095500000000000,GENERALE,,,,,./0.png
-4.1094,5.3149,"217",ABIDJAN 3,"49587",COLLEGE PRIVE LES GRAINES DE LA REUSSITE DE YOPOUGON,YOPOUGON,"NIANGON SUD, ACADEMIE",5.314900000000000,-4.109400000000000,GENERALE,,,,,./0.png
-4.0734,5.3718,"218",ABIDJAN 3,"190271",COLLEGE PRIVE MOTHES YOPOUGON Andokoi,YOPOUGON,YOPOUGON Andokoi,5.371800000000000,-4.073400000000000,GENERALE,,,,,./0.png
-4.0917,5.3567,"219",ABIDJAN 3,"33113",COLLEGE PRIVE NATHAN Yopougon,YOPOUGON,ANANERAIE,5.356700000000000,-4.091700000000000,GENERALE,,,,,./0.png
-4.0616,5.3311,"220",ABIDJAN 3,"41612",COLLEGE PRIVE OBETON SONA 2 YOPOUGON,YOPOUGON,TOIT ROUGE SAMPEURS POMPIERS,5.331100000000000,-4.061600000000000,GENERALE,,,,,./0.png
-4.1141,5.3456,"221",ABIDJAN 3,"54657",COLLEGE PRIVE RAMAT DE YOPOUGON,YOPOUGON,"CIMETIERE, ROUTE DABOU",5.345600000000000,-4.114100000000000,GENERALE,,,,,./0.png
-4.0899,5.3177,"222",ABIDJAN 3,"57949",COLLEGE PRIVE SAMBA KONE,YOPOUGON,NIANGON SUD,5.317700000000000,-4.089900000000000,GENERALE,,,,,./0.png
0,0,"223",ABIDJAN 3,"33114",COLLEGE PRIVE SHARMA Att�coub�,ATTECOUBE,,,,GENERALE,,,,,./0.png
0,0,"224",ABIDJAN 3,"49704",COLLEGE PRIVE SIATA DE YOPOUGON,YOPOUGON,,,,GENERALE,,,,,./0.png
0,0,"225",ABIDJAN 3,"54658",COLLEGE PRIVE YVEPHILIPPE DE YOPOUGON CITE ADO,YOPOUGON,,,,GENERALE,,,,,./0.png
-4.0971,5.3411,"226",ABIDJAN 3,"289",COLLEGE RODIN YOPOUGON,YOPOUGON,ANANERAIE,5.341100000000000,-4.097100000000000,GENERALE,,,,,./0.png
-4.091,5.3569,"227",ABIDJAN 3,"190232",COLLEGE SABA ET FILS Yopougon,YOPOUGON,ANANERAIE CHU DE YOPOUGON,5.356900000000000,-4.091000000000000,GENERALE,,,,,./0.png
-4.0913,5.3271,"228",ABIDJAN 3,"9512",LYCEE SAGUIDIBA YOPOUGON,YOPOUGON,NIANGON SUD,5.327100000000000,-4.091300000000000,GENERALE,,,,,./0.png
-4.0557,5.3234,"229",ABIDJAN 3,"190340",COLLEGE SAINT AUGUSTIN YOPOUGON Koweit,YOPOUGON,YOPOUGON Koweit,5.323400000000000,-4.055700000000000,GENERALE,,,,,./0.png
-4.0818,5.3429,"230",ABIDJAN 3,"13057",COLLEGE SAINT BRICE  YOPOUGON,YOPOUGON,YOPOUGON ATTIE,5.342900000000000,-4.081800000000000,GENERALE,,,,,./0.png
-4.1022,5.3231,"231",ABIDJAN 3,"190182",COLLEGE SAINT CHALMEL Yopougon,YOPOUGON,NIANGON SUD,5.323100000000000,-4.102200000000000,GENERALE,,,,,./0.png
-4.0969,5.3178,"232",ABIDJAN 3,"190034",COLLEGE SAINT EMMANUEL YOPOUGON NIANGON,YOPOUGON,NIANGON SUD A DROITE,5.317800000000000,-4.096900000000000,GENERALE,,,,,./0.png
0,0,"233",ABIDJAN 3,"190301",COLLEGE SAINT FRANCOIS 1 YOPOUGON,YOPOUGON,PETIT TOIT ROUGE CAMP MILLITAIRE,,,GENERALE,,,,,./0.png
-4.0651,5.325,"234",ABIDJAN 3,"295",COLLEGE SAINT FRANCOIS 2 YOPOUGON,YOPOUGON,YOPOUGON KOUTE,5.325000000000000,-4.065100000000000,GENERALE,,,,,./0.png
-4.1094,5.3302,"235",ABIDJAN 3,"12116",COLLEGE SEBACO YOPOUGON,YOPOUGON,"NIANGON SUD, TERMINUS 44",5.330200000000000,-4.109400000000000,GENERALE,,,,,./0.png
-4.0494,5.326,"236",ABIDJAN 3,"309",COLLEGE SEGBE YOPOUGON,YOPOUGON,"BANCO NORD, TOIT ROUGE",5.326000000000000,-4.049400000000000,GENERALE,,,,,./0.png
-4.0506,5.3534,"237",ABIDJAN 3,"310",COLLEGE SEPI YOPOUGON,YOPOUGON,WASSAKARA,5.353400000000000,-4.050600000000000,GENERALE,,,,,./0.png
-4.0629,5.3246,"238",ABIDJAN 3,"10653",COLLEGE SINGA YOPOUGON Camp Militaire,YOPOUGON,Camp Militaire,5.324600000000000,-4.062900000000000,GENERALE,,,,,./0.png
0,0,"239",ABIDJAN 3,"190220",COLLEGE SOEUR MARIE YOPOUGON,YOPOUGON,,,,GENERALE,,,,,./0.png
-4.0616,5.3311,"240",ABIDJAN 3,"190229",COLLEGE SONA YOPOUGON Sapeur Pompier,YOPOUGON,Sapeur Pompier,5.331100000000000,-4.061600000000000,GENERALE,,,,,./0.png
-4.0438,5.3231,"241",ABIDJAN 3,"12256",COLLEGE TCHIOULY YOPOUGON ABOBO-DOUME JERUSALEM,YOPOUGON,YOPOUGON ABOBO-DOUME,5.323100000000000,-4.043800000000000,GENERALE,,,,,./0.png
0,0,"242",ABIDJAN 3,"190296",COLLEGE VICTOR LOBA DJOKOUEHI DE YOPOUGON,YOPOUGON,,,,GENERALE,,,,,./0.png
0,0,"243",ABIDJAN 3,"317",COLLEGE VICTOR SCHOELCHER YOPOUGON,YOPOUGON,,,,GENERALE,,,,,./0.png
-4.1107,5.3217,"244",ABIDJAN 3,"11407",COLLEGE VINCENT LE LEADER YOPOUGON,YOPOUGON,YOPOUGOJN ACADEMIE,5.321700000000000,-4.110700000000000,GENERALE,,,,,./0.png
0,0,"245",ABIDJAN 3,"190173",COLLEGE WALI YOPOUGON Gare Sable,YOPOUGON,,,,GENERALE,,,,,./0.png
-4.0726,5.3442,"246",ABIDJAN 3,"319",COLLEGE WILLIAM PONTY,YOPOUGON,SELMER   YOPOUGON,5.344200000000000,-4.072600000000000,GENERALE,,,,,./0.png
0,0,"247",ABIDJAN 3,"41613",COLLEGE YADA CLEMENT 2 / YOPOUGON,YOPOUGON,,,,GENERALE,,,,,./0.png
0,0,"248",ABIDJAN 3,"10433",COLLEGE YADA CLEMENT (EX: I. E. G. E. P. ) YOPOUGON,YOPOUGON,,,,GENERALE,,,,,./0.png
-4.0808,5.3208,"249",ABIDJAN 3,"344",COMPLEXE SCOLAIRE  I.G.E.S. YOPOUGON,YOPOUGON,YOPOUGON KOUTE,5.320800000000000,-4.080800000000000,GENERALE,,,,,./0.png
0,0,"250",ABIDJAN 3,"190177",COURS SEC. GL LES CULTIVES YOPOUGON Wassakara,YOPOUGON,,,,GENERALE,,,,,./0.png
-4.0592,5.3425,"251",ABIDJAN 3,"21314",COURS SECONDAIRE LA BONNE SEMENCE TAGO Yopougon,YOPOUGON,YOPOUGON COMPLEXE,5.342500000000000,-4.059200000000000,GENERALE,,,,,./0.png
-4.1002,5.3534,"252",ABIDJAN 3,"10991",EESGTP LA SORBONNE YOPOUGON ANANERAIE,YOPOUGON,YOPOUGON ANANERAIE,5.353400000000000,-4.100200000000000,GENERALE,,,,,./0.png
-4.0887,5.3176,"253",ABIDJAN 3,"190178",ETS PRIVES GLORIS YOPOUGON Niangon,YOPOUGON,NIANGON SUD,5.317600000000000,-4.088700000000000,GENERALE,,,,,./0.png
0,0,"254",ABIDJAN 3,"190225",GROUPE ASK YOPOUGON CHU,YOPOUGON,,,,GENERALE,,,,,./0.png
0,0,"255",ABIDJAN 3,"35144",GROUPE ECOLES SANGBAN Yopougon Wassakara,YOPOUGON,,,,GENERALE,,,,,./0.png
0,0,"256",ABIDJAN 3,"190042",GROUPE ITSAT YOPOUGON,YOPOUGON,,,,GENERALE,,,,,./0.png
0,0,"257",ABIDJAN 3,"35146",GROUPE SCOLAIRE ACADEMIE DES LAGUNES,YOPOUGON,,,,GENERALE,,,,,./0.png
-4.1357,5.3371,"258",ABIDJAN 3,"33147",GROUPE SCOLAIRE AGNONKOU Yopougon,YOPOUGON,ADIOPODOUME,5.337100000000000,-4.135700000000000,GENERALE,,,,,./0.png
-4.0641,5.3335,"259",ABIDJAN 3,"21315",GROUPE SCOLAIRE AKOUNDA Yopougon,YOPOUGON,ASSONVON,5.333500000000000,-4.064100000000000,GENERALE,,,,,./0.png
-4.0944,5.3212,"260",ABIDJAN 3,"10972",GROUPE SCOLAIRE AMICHIA PAUL YOP. NIANGON,YOPOUGON,NIANGON SUD,5.321200000000000,-4.094400000000000,GENERALE,,,,,./0.png
-4.0989,5.3631,"261",ABIDJAN 3,"190041",GROUPE SCOLAIRE ANDRE LATRILLE Yopougon,YOPOUGON,GESCO ROUTE DABOU,5.363100000000000,-4.098900000000000,GENERALE,,,,,./0.png
-4.0948,5.3435,"262",ABIDJAN 3,"190191",GROUPE SCOLAIRE AYEWA YOPOUGON  (Ex GS La Fayette),YOPOUGON,ANANERAIE,5.343500000000000,-4.094800000000000,GENERALE,,,,,./0.png
-4.1055,5.3541,"263",ABIDJAN 3,"190234",GROUPE SCOLAIRE BADIANA YOPOUGON Selmer,YOPOUGON,CITE SODECI ROUTE DABOU,5.354100000000000,-4.105500000000000,GENERALE,,,,,./0.png
0,0,"264",ABIDJAN 3,"33179",GROUPE SCOLAIRE CHA HELENE Yopougon Gesco,YOPOUGON,Yopougon Gesco,,,GENERALE,,,,,./0.png
-4.1017,5.3321,"265",ABIDJAN 3,"190300",GROUPE SCOLAIRE FATYMA 2 YOPOUGON Maroc,YOPOUGON,YPOUGON MAROC,5.332100000000000,-4.101700000000000,GENERALE,,,,,./0.png
-4.0903,5.336,"266",ABIDJAN 3,"190035",GROUPE SCOLAIRE GBAEGUI Yopougon,YOPOUGON,NIANGON,5.336000000000000,-4.090300000000000,GENERALE,,,,,./0.png
-4.0963,5.3118,"267",ABIDJAN 3,"35161",GROUPE SCOLAIRE GERMINAL Yopougon,YOPOUGON,NIANGON SUD,5.311800000000000,-4.096300000000000,GENERALE,,,,,./0.png
0,0,"268",ABIDJAN 3,"33162",GROUPE SCOLAIRE GNAKAN Yopougon,YOPOUGON,,,,GENERALE,,,,,./0.png
-4.1015,5.3717,"269",ABIDJAN 3,"33164",GROUPE SCOLAIRE IGON Yopougon,YOPOUGON,YOPOUGON GESCO,5.371700000000000,-4.101500000000000,GENERALE,,,,,./0.png
0,0,"270",ABIDJAN 3,"190037",GROUPE SCOLAIRE INTERNATIONAL DE L'AMITIE YOPOUGON,YOPOUGON,,,,GENERALE,,,,,./0.png
-4.0936,5.336,"271",ABIDJAN 3,"13058",GROUPE SCOLAIRE IVOIRE BLEY BONIFACE Yopougon,YOPOUGON,YOPOUGON MAROC,5.336000000000000,-4.093600000000000,GENERALE,,,,,./0.png
-4.0872,5.3331,"272",ABIDJAN 3,"190613",GROUPE SCOLAIRE KWAGNISS MAVRO,YOPOUGON,YOPOUGON Base Cie,5.333100000000000,-4.087200000000000,GENERALE,,,,,./0.png
-4.0453,5.3088,"273",ABIDJAN 3,"11153",GROUPE SCOLAIRE LAMA FOFANA Yopougon,YOPOUGON,YOPOUGON ATTECOUBE,5.308800000000000,-4.045300000000000,GENERALE,,,,,./0.png
-4.1074,5.3339,"274",ABIDJAN 3,"33166",GROUPE SCOLAIRE LA PRAIRIE Yopougon Niangon,YOPOUGON,YOPOUGON NIANGON,5.333900000000000,-4.107400000000000,GENERALE,,,,,./0.png
-4.0778,5.345,"275",ABIDJAN 3,"10649",GROUPE SCOLAIRE LA VICTOIRE 2 Yopougon,YOPOUGON,YOPOUGON ATTIE,5.345000000000000,-4.077800000000000,GENERALE,,,,,./0.png
0,0,"276",ABIDJAN 3,"190167",GROUPE SCOLAIRE LA VICTOIRE YOPOUGON Banco 2,YOPOUGON,,,,GENERALE,,,,,./0.png
0,0,"277",ABIDJAN 3,"21316",GROUPE SCOLAIRE LE FELIN Yopougon,YOPOUGON,,,,GENERALE,,,,,./0.png
0,0,"278",ABIDJAN 3,"54659",GROUPE SCOLAIRE LE KRAZAN DE YOPOUGON SELMER,YOPOUGON SELMER,,,,GENERALE,,,,,./0.png
-4.0533,5.331,"279",ABIDJAN 3,"334",GROUPE SCOLAIRE LES ANGES DES TOITS ROUGES YOPOUGON,YOPOUGON,YOPOUGON TOITS ROUGES,5.331000000000000,-4.053300000000000,GENERALE,,,,,./0.png
-4.0454,5.3219,"280",ABIDJAN 3,"13054",GROUPE SCOLAIRE LE SAVANT 1 YOPOUGON,YOPOUGON,YOPOUGON KOWEIT,5.321900000000000,-4.045400000000000,GENERALE,,,,,./0.png
-4.0784,5.3148,"281",ABIDJAN 3,"190046",GROUPE SCOLAIRE LE SAVANT 2 YOPOUGON,YOPOUGON,YOPOUGON KOUTE,5.314800000000000,-4.078400000000000,GENERALE,,,,,./0.png
0,0,"282",ABIDJAN 3,"35173",GROUPE SCOLAIRE LES PETITS GENIES DU MILLENAIRE,YOPOUGON,,,,GENERALE,,,,,./0.png
-4.0539,5.3225,"283",ABIDJAN 3,"10734",GROUPE SCOLAIRE LES PETITS SOLEILS  YOPOUGON,YOPOUGON,YOPOUGON KOWEIT,5.322500000000000,-4.053900000000000,GENERALE,,,,,./0.png
-4.0936,5.3706,"284",ABIDJAN 3,"13049",GROUPE SCOLAIRE LES SAINTS ANGES  YOPOUGON,YOPOUGON,YOPOUGON GESCO ZONE INDUTRIELLE,5.370600000000000,-4.093600000000000,GENERALE,,,,,./0.png
-4.1126,5.3283,"285",ABIDJAN 3,"190617",GROUPE SCOLAIRE LOUIS LAGRANGE,YOPOUGON,YOPOUGON CITE VERTE,5.328300000000000,-4.112600000000000,GENERALE,,,,,./0.png
0,0,"286",ABIDJAN 3,"190227",GROUPE SCOLAIRE MODERNE SANOGO ALMAMY YOPOUGON Andokoi,YOPOUGON,,,,GENERALE,,,,,./0.png
-4.0679,5.3445,"287",ABIDJAN 3,"335",GROUPE SCOLAIRE NEWTON YOPOUGON,YOPOUGON,YOPOUGON SELMER,5.344500000000000,-4.067900000000000,GENERALE,,,,,./0.png
-4.1123,5.3206,"288",ABIDJAN 3,"35176",GROUPE SCOLAIRE NIPPON Yopougon,YOPOUGON,YOPOUGON ACADEMIE,5.320600000000000,-4.112300000000000,GENERALE,,,,,./0.png
0,0,"289",ABIDJAN 3,"190236",GROUPE SCOLAIRE SAINT CYR ABOBO DOUME,YOPOUGON,,,,GENERALE,,,,,./0.png
-4.0685,5.334,"290",ABIDJAN 3,"190181",GROUPE SCOLAIRE SAINTE ADJOUA FADETTE,YOPOUGON,"BANCO NORD, ASSONVON",5.334000000000000,-4.068500000000000,GENERALE,,,,,./0.png
-4.0166,5.3501,"291",ABIDJAN 3,"11080",GROUPE SCOLAIRE SAINTE RUTH YOPOUGON,YOPOUGON,"BANCO NORD, MILLIONNAIRE",5.350100000000000,-4.016600000000000,GENERALE,,,,,./0.png
-4.0584,5.3464,"292",ABIDJAN 3,"298",GROUPE SCOLAIRE SAINT LOUIS YOPOUGON,YOPOUGON,"BANCO NORD, RUE PRINCESSE",5.346400000000000,-4.058400000000000,GENERALE,,,,,./0.png
-4.102,5.3291,"293",ABIDJAN 3,"33178",GROUPE SCOLAIRE SYLLA L'EXCELLENCE Yopougon,YOPOUGON,NIANGON NORD,5.329100000000000,-4.102000000000000,GENERALE,,,,,./0.png
-4.054,5.3191,"294",ABIDJAN 3,"10636",GROUPE SCOLAIRE VATICAN 2 YOPOUGON,YOPOUGON,YOPOUGON KOWEIT,5.319100000000000,-4.054000000000000,GENERALE,,,,,./0.png
-4.1021,5.3447,"295",ABIDJAN 3,"21376",INSTITUT INTERNATIONAL ADJELEBA,YOPOUGON,Yopougon Maroc,5.344700000000000,-4.102100000000000,GENERALE,,,,,./0.png
-4.1011,5.3562,"296",ABIDJAN 3,"10432",INSTITUT LKM,YOPOUGON,YOPOUGON ANANERAIE,5.356200000000000,-4.101100000000000,GENERALE,,,,,./0.png
-4.0451,5.3287,"297",ABIDJAN 3,"190297",INSTITUT SAINT SILVER,YOPOUGON,YOPOUGON LOCODJORO,5.328700000000000,-4.045100000000000,GENERALE,,,,,./0.png
-4.0883,5.3406,"298",ABIDJAN 3,"190172",INSTITUT SCOLAIRE SAINT CYRILLE YOPOUGON,YOPOUGON,ANANERAIE,5.340600000000000,-4.088300000000000,GENERALE,,,,,./0.png
0,0,"299",ABIDJAN 3,"190231",INSTITUT SCOLAIRE VASSOUMA,YOPOUGON,YOPOUGON CITE CIE,,,GENERALE,,,,,./0.png
-4.1023,5.3387,"300",ABIDJAN 3,"301",ISGT SAINT PIERRE MARIE YOPOUGON,YOPOUGON,ANANERAIE,5.338700000000000,-4.102300000000000,GENERALE,,,,,./0.png
0,0,"301",ABIDJAN 3,"190299",COLLEGE CATHOLIQUE JOSEPH GARNIER ATTINGUIE,ATTINGUIE,,,,GENERALE,,,,,./0.png
-4.1526,5.3316,"302",ABIDJAN 3,"279",COLLEGE NOTRE DAME DE LA PAIX ABADJIN-KOUTE,YOPOUGON,ABADJIN-KOUTE,5.331600000000000,-4.152600000000000,GENERALE,,,,,./0.png
-4.0627,5.3131,"303",ABIDJAN 3,"324",COURS SECONDAIRE CATHOLIQUE,YOPOUGON,YOPOUGON KOUTE,5.313100000000000,-4.062700000000000,GENERALE,,,,,./0.png
-4.0668,5.3274,"304",ABIDJAN 3,"10434",COURS SECONDAIRE METHODISTE YOPOUGON KOUT�,YOPOUGON,YOPOUGON KOUTE,5.327400000000000,-4.066800000000000,GENERALE,,,,,./0.png
-4.0979,5.3231,"305",ABIDJAN 3,"11177",COURS SECONDAIRE METHODISTE YOPOUGON NIANGON,YOPOUGON,NIANGON SUD,5.323100000000000,-4.097900000000000,GENERALE,,,,,./0.png
-4.1005,5.3673,"306",ABIDJAN 3,"190632",GROUPE SCOLAIRE AKANJI YOPOUGON,YOPOUGON,YOPOUGON GESCO,5.367300000000000,-4.100500000000000,GENERALE,,,,,./0.png
-4.0297,5.4542,"307",ABIDJAN 4,"190280",ACADEMIE DES PROFESSIONNELS DE L'EDUCATION ABOBO AGNISSANKOI,ABOBO,ABOBO AGNISSANKOI,5.454200000000000,-4.029700000000000,GENERALE,,,,,./0.png
-3.9988,5.4167,"308",ABIDJAN 4,"210",COLLEGE ADAMA SANOGO ABOBO,ABOBO,ABOBO BAOULE,5.416700000000000,-3.998800000000000,GENERALE,,,,,./0.png
-4.025,5.4263,"309",ABIDJAN 4,"21319",COLLEGE AHIMSA Abobo,ABOBO,SAGBE NORD,5.426300000000000,-4.025000000000000,GENERALE,,,,,./0.png
-4.0139,5.4091,"310",ABIDJAN 4,"216",COLLEGE ANADOR ABOBO,ABOBO,ABOBO ANADOR,5.409100000000000,-4.013900000000000,GENERALE,,,,,./0.png
-4.0155,5.4491,"311",ABIDJAN 4,"33182",COLLEGE ANDRE DES PRES Abobo Ak�ikoi,ABOBO,ABOBO AKEIKOI,5.449100000000000,-4.015500000000000,GENERALE,,,,,./0.png
-4.0267,5.4412,"312",ABIDJAN 4,"35202",COLLEGE AOF Abobo Avocatier,ABOBO,ABOBO AKEIKOI,5.441200000000000,-4.026700000000000,GENERALE,,,,,./0.png
-4.0519,5.4982,"313",ABIDJAN 4,"10980",COLLEGE ATLAS Anyama,ANYAMA,GRANDE MOSQUEE,5.498200000000000,-4.051900000000000,GENERALE,,,,,./0.png
0,0,"314",ABIDJAN 4,"33184",COLLEGE BETSALEEL Anyama,ANYAMA,,,,GENERALE,,,,,./0.png
0,0,"315",ABIDJAN 4,"190018",COLLEGE BOCABO ET ASSOCIES Abobo,ABOBO,,,,GENERALE,,,,,./0.png
-4.02,5.4427,"316",ABIDJAN 4,"190106",COLLEGE CARINE ABOBO,ABOBO,SOGEFHIA,5.442700000000000,-4.020000000000000,GENERALE,,,,,./0.png
-4.0084,5.4424,"317",ABIDJAN 4,"229",COLLEGE COFFI GADEAU ABOBO,ABOBO,SOGEFHIA,5.442400000000000,-4.008400000000000,GENERALE,,,,,./0.png
0,0,"318",ABIDJAN 4,"11401",COLLEGE COULIBALY SANDENI ABOBO ANOKOI-EXTENSION,ABOBO,,,,GENERALE,,,,,./0.png
-4.0512,5.4783,"319",ABIDJAN 4,"230",COLLEGE DENGUELE Anyama,ANYAMA,CENTRE DES IMPOTS,5.478300000000000,-4.051200000000000,GENERALE,,,,,./0.png
-4.0086,5.4558,"320",ABIDJAN 4,"33189",COLLEGE DES UNIS Abobo Ak�ikoi,ABOBO,ABOBO AKEIKOI,5.455800000000000,-4.008600000000000,GENERALE,,,,,./0.png
0,0,"321",ABIDJAN 4,"232",COLLEGE DIDEROT ABOBO,ABOBO,,,,GENERALE,,,,,./0.png
-4.0518,5.4488,"322",ABIDJAN 4,"233",COLLEGE DJESSOU ABOBO,ABOBO,PK 18 AGOUETO,5.448800000000000,-4.051800000000000,GENERALE,,,,,./0.png
0,0,"323",ABIDJAN 4,"190643",COLLEGE DOUMBIA ADAMA ADAM'S ANYAMA RESIDENTIEL,ANYAMA,,,,GENERALE,,,,,./0.png
-4.0263,5.4551,"324",ABIDJAN 4,"41615",COLLEGE DOYEN LAMINE FADIGA / ABOBO,ABOBO,AKEIKOI,5.455100000000000,-4.026300000000000,GENERALE,,,,,./0.png
-4.011,5.4505,"325",ABIDJAN 4,"33191",COLLEGE EDUCATION-PAIX-DEVELOPPEMENT Abobo,ABOBO,AKEIKOI,5.450500000000000,-4.011000000000000,GENERALE,,,,,./0.png
-4.0113,5.4432,"326",ABIDJAN 4,"190290",COLLEGE EL ITRATOU TAHIRA ABOBO,ABOBO,SOGEFHIA,5.443200000000000,-4.011300000000000,GENERALE,,,,,./0.png
0,0,"327",ABIDJAN 4,"25017",COLLEGE EL ITRATOU TAHIRA / ANYAMA,ANYAMA,,,,GENERALE,,,,,./0.png
0,0,"328",ABIDJAN 4,"190275",COLLEGE EMMANUEL KANT ABOBO PK 18,ABOBO,,,,GENERALE,,,,,./0.png
0,0,"329",ABIDJAN 4,"41616",COLLEGE EULALIE BLAH 2 / ABOBO,ABOBO,,,,GENERALE,,,,,./0.png
-4.0029,5.42,"330",ABIDJAN 4,"12204",COLLEGE EULALIE BLAH  ABOBO  CLOUETCHA,ABOBO,SAMAKE,5.420000000000000,-4.002900000000000,GENERALE,,,,,./0.png
0,0,"331",ABIDJAN 4,"58195",COLLEGE FOUSSENI KONE ( CFK),PK18 QUARTIER RESIDENTIEL,,,,GENERALE,,,,,./0.png
-4.0619,5.4974,"332",ABIDJAN 4,"234",COLLEGE GAOUSSOU TOURE ANYAMA,ANYAMA,CHAPEL SAINT MICHEL,5.497400000000000,-4.061900000000000,GENERALE,,,,,./0.png
-4.0201,5.4127,"334",ABIDJAN 4,"11048",COLLEGE HAROUN TAZIEFF ABOBO,ABOBO,BANCO,5.412700000000000,-4.020100000000000,GENERALE,,,,,./0.png
0,0,"335",ABIDJAN 4,"190291",COLLEGE HERMANN ABOBO Avocatier,ABOBO,,,,GENERALE,,,,,./0.png
-4.0048,5.4097,"336",ABIDJAN 4,"190025",COLLEGE IRIS 1 ABOBO KENNEDY,ABOBO,"ABOBO TE, KENNEDY",5.409700000000000,-4.004800000000000,GENERALE,,,,,./0.png
-4.0261,5.4332,"337",ABIDJAN 4,"7666",COLLEGE IRIS 2 ABOBO AVOCATIER,ABOBO,ABOBO AVOCATIER,5.433200000000000,-4.026100000000000,GENERALE,,,,,./0.png
-4.0014,5.434,"338",ABIDJAN 4,"235",COLLEGE I.T.E.S ABOBO,ABOBO,ABOBO TE,5.434000000000000,-4.001400000000000,GENERALE,,,,,./0.png
0,0,"339",ABIDJAN 4,"190281",COLLEGE KOUASSI HAUDY MARCEL ANYAMA,ANYAMA,,,,GENERALE,,,,,./0.png
-4.0055,5.4074,"340",ABIDJAN 4,"11402",COLLEGE LA BELLE �TOILE ABOBOT�-EXTENSION,ABOBO,ABOBOT�-EXTENSION,5.407400000000000,-4.005500000000000,GENERALE,,,,,./0.png
-4.0164,5.4459,"341",ABIDJAN 4,"190638",COLLEGE LAPLACE ABOBO AKEIKOI,ABOBO,ABOBO AKEIKOI,5.445900000000000,-4.016400000000000,GENERALE,,,,,./0.png
0,0,"342",ABIDJAN 4,"41617",COLLEGE LA REGINA / ANYAMA-ADJAME,ANYAMA,,,,GENERALE,,,,,./0.png
-4.0317,5.4336,"343",ABIDJAN 4,"54660",COLLEGE LE COLOMBIER D'ABOBO,ABOBO,SAGBE NORD,5.433600000000000,-4.031700000000000,GENERALE,,,,,./0.png
-4.0119,5.4559,"344",ABIDJAN 4,"247",COLLEGE LE DESTIN ABOBO,ABOBO,AKEIKOI,5.455900000000000,-4.011900000000000,GENERALE,,,,,./0.png
-4.0365,5.4328,"345",ABIDJAN 4,"248",COLLEGE LE MAHOU ABOBO,ABOBO,SAGBE NORD,5.432800000000000,-4.036500000000000,GENERALE,,,,,./0.png
-4.0102,5.3962,"346",ABIDJAN 4,"33196",COLLEGE LE PANORAMA Abobo,ABOBO,ABOBO SUD,5.396200000000000,-4.010200000000000,GENERALE,,,,,./0.png
-4.0297,5.4141,"347",ABIDJAN 4,"192046",COLLEGE LE PARFAIT Abobo sagb�,ABOBO,SAGBE SUD,5.414100000000000,-4.029700000000000,GENERALE,,,,,./0.png
-4.0334,5.4177,"348",ABIDJAN 4,"250",COLLEGE LE PETIT CHAMPION ABOBO,ABOBO,SAGBE SUD,5.417700000000000,-4.033400000000000,GENERALE,,,,,./0.png
-4.0284,5.4434,"349",ABIDJAN 4,"190268",COLLEGE LE ROSIER ABOBO AGNISSANKOI,ABOBO,"AVOCATIER, CARREFOUR NIAMKEY",5.443400000000000,-4.028400000000000,GENERALE,,,,,./0.png
-4.0099,5.4342,"350",ABIDJAN 4,"17201",COLLEGE LES AS ABOBO PLAQUE 1,ABOBO,ABOBO PLAQUE,5.434200000000000,-4.009900000000000,GENERALE,,,,,./0.png
0,0,"351",ABIDJAN 4,"190098",COLLEGE LES ELYSEES ABOBO PK 18,ABOBO,ABOBO PK 18,,,GENERALE,,,,,./0.png
-4.0267,5.429,"352",ABIDJAN 4,"190019",COLLEGE LES FALAISES ABOBO,ABOBO,SAGBE NORD,5.429000000000000,-4.026700000000000,GENERALE,,,,,./0.png
-4.0034,5.437,"353",ABIDJAN 4,"255",COLLEGE LES GRACES ABOBO,ABOBO,SOGEFHIA,5.437000000000000,-4.003400000000000,GENERALE,,,,,./0.png
-4.0113,5.419,"354",ABIDJAN 4,"12208",COLLEGE LES NOUVEAUX HORIZONS ABOBO KENEDY,ABOBO,SAMAKE,5.419000000000000,-4.011300000000000,GENERALE,,,,,./0.png
-4.0051,5.4142,"355",ABIDJAN 4,"256",COLLEGE LES ORCHIDEES ABOBO,ABOBO,ABOBO TE,5.414200000000000,-4.005100000000000,GENERALE,,,,,./0.png
-4.0073,5.4519,"356",ABIDJAN 4,"190100",COLLEGE MALE GBINDE ABOBO AKEIKOI,ABOBO,AKEIKOI,5.451900000000000,-4.007300000000000,GENERALE,,,,,./0.png
-4.0055,5.4416,"357",ABIDJAN 4,"259",COLLEGE MARIE BLANCHE ABOBO,ABOBO,SOGEFHIA,5.441600000000000,-4.005500000000000,GENERALE,,,,,./0.png
-4.0389,5.4526,"358",ABIDJAN 4,"39702",COLLEGE MARIE ROSE DE LIMA,ABOBO,ABOBO PK 18,5.452600000000000,-4.038900000000000,GENERALE,,,,,./0.png
-4.0516,5.4877,"359",ABIDJAN 4,"49590",COLLEGE NADREAU LA SOURCE DE ABOBO,ABOBO,CARREFOUR CHATEAU,5.487700000000000,-4.051600000000000,GENERALE,,,,,./0.png
0,0,"360",ABIDJAN 4,"10655",COLLEGE NOGOLAMA Anyama,ANYAMA,,,,GENERALE,,,,,./0.png
0,0,"361",ABIDJAN 4,"190628",COLLEGE NOTRE DAME DE SECOURS ABOBO SAGBE,ABOBO,,,,GENERALE,,,,,./0.png
-4.0185,5.4383,"362",ABIDJAN 4,"13044",COLLEGE PERE LOUIS WACH ABOBO,ABOBO,SOGEFHIA COMPLEXE,5.438300000000000,-4.018500000000000,GENERALE,,,,,./0.png
-4.0217,5.4433,"363",ABIDJAN 4,"21320",COLLEGE PRIVE AMANDINE Abobo BC,ABOBO,AVOCATIER,5.443300000000000,-4.021700000000000,GENERALE,,,,,./0.png
0,0,"364",ABIDJAN 4,"33216",COLLEGE PRIVE CHARLES ELITE Abobo Belleville,ABOBO,Abobo Belleville,,,GENERALE,,,,,./0.png
-4.0474,5.4308,"365",ABIDJAN 4,"17271",COLLEGE PRIVE CHEMIN DE GLOIRE Abobo,ABOBO,ANONKOI KOUTE,5.430800000000000,-4.047400000000000,GENERALE,,,,,./0.png
0,0,"366",ABIDJAN 4,"35204",COLLEGE PRIVE DAVID Abobo,ABOBO,,,,GENERALE,,,,,./0.png
-4.0136,5.4315,"367",ABIDJAN 4,"39703",COLLEGE PRIVE DES JEUNES FILLES / ABOBO,ABOBO,AGBEKOI,5.431500000000000,-4.013600000000000,GENERALE,,,,,./0.png
-4.0073,5.4557,"368",ABIDJAN 4,"49591",COLLEGE PRIVE DJIGUIYA DE OUAMELHORO,ANYAMA,AKEIKOI,5.455700000000000,-4.007300000000000,GENERALE,,,,,./0.png
-4.0197,5.4396,"369",ABIDJAN 4,"338",COLLEGE PRIVE GSKL LES PINGOINS  ABOBO,ABOBO,"SOGEFHIA, COMPLEXE SPORTIF",5.439600000000000,-4.019700000000000,GENERALE,,,,,./0.png
0,0,"370",ABIDJAN 4,"21321",COLLEGE PRIVE HARMONIE DES VAINQUEURS 1 Abobo,ABOBO,,,,GENERALE,,,,,./0.png
0,0,"371",ABIDJAN 4,"197467",COLLEGE PRIVE HOBIANOR D'ABOBO,ABOBO - N'DOTRE,,,,GENERALE,,,,,./0.png
0,0,"372",ABIDJAN 4,"21322",COLLEGE PRIVE IBC ABOBO,ABOBO,,,,GENERALE,,,,,./0.png
-4.0832,5.438,"373",ABIDJAN 4,"41618",COLLEGE PRIVE JEAN LACOUR,ABOBO,N'DOTRE,5.438000000000000,-4.083200000000000,GENERALE,,,,,./0.png
0,0,"374",ABIDJAN 4,"197338",COLLEGE PRIVE KOROKO D'ABOBO,ABOBO,BELLEVILLE,,,GENERALE,,,,,./0.png
-4.0165,5.4484,"375",ABIDJAN 4,"33208",COLLEGE PRIVE KOUTOUAN Abobo Ak�ikoi,ABOBO,Abobo Ak�ikoi,5.448400000000000,-4.016500000000000,GENERALE,,,,,./0.png
0,0,"376",ABIDJAN 4,"54662",COLLEGE PRIVE KSA DE N'DOTRE,N'DOTRE,,,,GENERALE,,,,,./0.png
0,0,"377",ABIDJAN 4,"57956",COLLEGE PRIVE LA DIVINE PROVIDENCE,ANONKOUA KOUTE EXTENSION CITE SOTRAPIM,,,,GENERALE,,,,,./0.png
0,0,"378",ABIDJAN 4,"33210",COLLEGE PRIVE LES COCCINELLES Abobo,ABOBO,,,,GENERALE,,,,,./0.png
0,0,"379",ABIDJAN 4,"197337",COLLEGE PRIVE LES OLYMPIQUES D'EBIMPE,ANYAMA - EBIMPE,,,,GENERALE,,,,,./0.png
-3.9989,5.452,"380",ABIDJAN 4,"54707",COLLEGE PRIVE LES PRINCES D'ABIDJAN AKEIKOI,ABOBO,ABOBO AKEIKOI,5.452000000000000,-3.998900000000000,GENERALE,,,,,./0.png
-4.0066,5.4145,"381",ABIDJAN 4,"39705",COLLEGE PRIVE MAMADOU COULIBALY / ABOBO,ABOBO,ABOBO SAMAKE,5.414500000000000,-4.006600000000000,GENERALE,,,,,./0.png
0,0,"382",ABIDJAN 4,"39704",COLLEGE PRIVE M.B.F / ABOBO,ABOBO,,,,GENERALE,,,,,./0.png
-3.9292,5.5147,"383",ABIDJAN 4,"54663",COLLEGE PRIVE MIC-CI ESPOIR DE BROFODOUME,BROFODOUME,BROFODOUME,5.514700000000000,-3.929200000000000,GENERALE,,,,,./0.png
-4.0546,5.491,"384",ABIDJAN 4,"190644",COLLEGE PRIVE MONIQUE ANYAMA,ANYAMA,ANYAMA CHATEAU D'EAU,5.491000000000000,-4.054600000000000,GENERALE,,,,,./0.png
0,0,"385",ABIDJAN 4,"54706",COLLEGE PRIVE NOTRE FAMILLE D'ABOBO,ABOBO,,,,GENERALE,,,,,./0.png
0,0,"386",ABIDJAN 4,"49592",COLLEGE PRIVE NOUSSIRA DE ABOBO,ABOBO,,,,GENERALE,,,,,./0.png
0,0,"387",ABIDJAN 4,"49593",COLLEGE PRIVE NOVIE DE ATTINGUIE,ATTINGUIE,,,,GENERALE,,,,,./0.png
-4.0635,5.4449,"388",ABIDJAN 4,"49594",COLLEGE PRIVE SAINTE ISABELLE DE ABOBO AGOUETO,ABOBO,PK 18 AGOUETO,5.444900000000000,-4.063500000000000,GENERALE,,,,,./0.png
-3.9874,5.4305,"389",ABIDJAN 4,"12260",COLLEGE PRIVE SAINT PIERRE CHARLES ABOBO,ABOBO,ABOBO BAOULE,5.430500000000000,-3.987400000000000,GENERALE,,,,,./0.png
0,0,"390",ABIDJAN 4,"41619",COLLEGE PRIVE VERSAILLES / N'DOTRE,ABOBO,,,,GENERALE,,,,,./0.png
0,0,"391",ABIDJAN 4,"49596",COLLEGE PRIVE YAKOUA DE ABOBO N'DOTRE,ABOBO,ABOBO N'DOTRE,,,GENERALE,,,,,./0.png
-4.018,5.4333,"392",ABIDJAN 4,"287",COLLEGE RENE CAILLE ABOBO,ABOBO,"SOGEFHIA, CAMP COMMANDO",5.433300000000000,-4.018000000000000,GENERALE,,,,,./0.png
-3.991,5.4326,"393",ABIDJAN 4,"190634",COLLEGE ROSEE DIVINE ABOBO BAOULE BELLE-VILLE,ABOBO,ABOBO BELLEVILLE,5.432600000000000,-3.991000000000000,GENERALE,,,,,./0.png
-3.9874,5.4305,"394",ABIDJAN 4,"10149",COLLEGE SAINT BRICE PROVINCIAL GRACES ABOBO,ABOBO,ABOBO BAOULE,5.430500000000000,-3.987400000000000,GENERALE,,,,,./0.png
0,0,"395",ABIDJAN 4,"11121",COLLEGE SAINTE ANNICK   ABOBO,ABOBO,,,,GENERALE,,,,,./0.png
0,0,"396",ABIDJAN 4,"304",COLLEGE SAINTE CLAIRE DES BOIS ANYAMA,ANYAMA,,,,GENERALE,,,,,./0.png
0,0,"397",ABIDJAN 4,"9970",COLLEGE SAINT EDER,ABOBO,Abobot� Kenedy,,,GENERALE,,,,,./0.png
0,0,"398",ABIDJAN 4,"13073",COLLEGE SAINT EDER ANYAMA,ANYAMA,,,,GENERALE,,,,,./0.png
-4.023,5.4449,"399",ABIDJAN 4,"305",COLLEGE SAINTE FOI  ABOBO,ABOBO,AVOCATIER,5.444900000000000,-4.023000000000000,GENERALE,,,,,./0.png
-4.0286,5.4384,"400",ABIDJAN 4,"306",COLLEGE SAINTE RUTH Abobo,ABOBO,AVOCATIER,5.438400000000000,-4.028600000000000,GENERALE,,,,,./0.png
-4.019,5.431,"401",ABIDJAN 4,"293",COLLEGE SAINT ETIENNE ABOBO,ABOBO,AGBEKOI,5.431000000000000,-4.019000000000000,GENERALE,,,,,./0.png
0,0,"402",ABIDJAN 4,"9968",COLLEGE SAINT GILBERT DJAGO ABOBO,ABOBO,,,,GENERALE,,,,,./0.png
-4.018,5.4192,"403",ABIDJAN 4,"297",COLLEGE SAINT JOSEPH ABOBO,ABOBO,BANCO,5.419200000000000,-4.018000000000000,GENERALE,,,,,./0.png
-3.9984,5.4531,"404",ABIDJAN 4,"17203",COLLEGE SAINT MARC ABOBO AKEIKOI,ABOBO,ABOBO AKEIKOI,5.453100000000000,-3.998400000000000,GENERALE,,,,,./0.png
-4.0403,5.4987,"405",ABIDJAN 4,"300",COLLEGE SAINT MICHEL ANYAMA,ANYAMA,HOPITAL GENERAL ANYAMA,5.498700000000000,-4.040300000000000,GENERALE,,,,,./0.png
-4.0298,5.4408,"406",ABIDJAN 4,"190111",COLLEGE SAINT MOISE ABOBO Agnissankoua,ABOBO,AVOCATIER,5.440800000000000,-4.029800000000000,GENERALE,,,,,./0.png
0,0,"407",ABIDJAN 4,"190195",COLLEGE TOURE KANVALY,ANYAMA,,,,GENERALE,,,,,./0.png
-3.9947,5.4113,"408",ABIDJAN 4,"10425",COLLEGE VICTOR LOBA DJOKOUEHI DE ABOBO,ABOBO,ABOBO TE,5.411300000000000,-3.994700000000000,GENERALE,,,,,./0.png
-4.0617,5.4959,"409",ABIDJAN 4,"190013",COLLEGE YVAC ANYAMA,ANYAMA,SOUS-PREFECTURE,5.495900000000000,-4.061700000000000,GENERALE,,,,,./0.png
-4.0246,5.4369,"410",ABIDJAN 4,"12200",GROUPE SCOLAIRE ABRAHAM  AYEBY Abobo,ABOBO,"AYEBY Abobo, AVOCATIER",5.436900000000000,-4.024600000000000,GENERALE,,,,,./0.png
-4.0483,5.4612,"411",ABIDJAN 4,"10978",GROUPE SCOLAIRE ADJA MADOUE TOURE ANYAMA,ANYAMA,ANCIENNE GENDARMERIE,5.461200000000000,-4.048300000000000,GENERALE,,,,,./0.png
-4.0045,5.3903,"412",ABIDJAN 4,"190011",GROUPE SCOLAIRE ARC EN CIEL ABOBO,ABOBO,ZOO,5.390300000000000,-4.004500000000000,GENERALE,,,,,./0.png
-4.0543,5.4611,"413",ABIDJAN 4,"33237",GROUPE SCOLAIRE BUTHMANN Anyama,ANYAMA,ANCIENNE GENDARMERIE,5.461100000000000,-4.054300000000000,GENERALE,,,,,./0.png
0,0,"414",ABIDJAN 4,"190003",GROUPE SCOLAIRE FADIGA ABDOUL (GSFA) ABOBO,ABOBO,,,,GENERALE,,,,,./0.png
0,0,"415",ABIDJAN 4,"13039",GROUPE SCOLAIRE GBADJE ABOBO,ABOBO,,,,GENERALE,,,,,./0.png
-4.0795,5.4433,"416",ABIDJAN 4,"35242",GROUPE SCOLAIRE GRACE JEANNINE Abobo,ABOBO,N'DOTRE,5.443300000000000,-4.079500000000000,GENERALE,,,,,./0.png
0,0,"417",ABIDJAN 4,"33243",GROUPE SCOLAIRE ISRA�L Abobo Baoul�,ABOBO,,,,GENERALE,,,,,./0.png
0,0,"418",ABIDJAN 4,"13040",GROUPE SCOLAIRE JEAN BAPTISTE ABOUNAN ABOBO,ABOBO,,,,GENERALE,,,,,./0.png
-4.0596,5.4478,"419",ABIDJAN 4,"35245",GROUPE SCOLAIRE KOFFI AGO Abobo,ABOBO,PK 18 AGOUETO,5.447800000000000,-4.059600000000000,GENERALE,,,,,./0.png
-4.0516,5.4877,"420",ABIDJAN 4,"49597",GROUPE SCOLAIRE LA COMPETENCE DE ANYAMA,ANYAMA,CARREFOUR CH�TEAU,5.487700000000000,-4.051600000000000,GENERALE,,,,,./0.png
-4.0528,5.5059,"421",ABIDJAN 4,"190295",GROUPE SCOLAIRE LA PAIX,ANYAMA,Anyama Belle-Ville,5.505900000000000,-4.052800000000000,GENERALE,,,,,./0.png
-4.0693,5.4328,"422",ABIDJAN 4,"33247",GROUPE SCOLAIRE LA RELEVE Abobo N'Dotr�,ABOBO,N'DOTRE,5.432800000000000,-4.069300000000000,GENERALE,,,,,./0.png
-4.0065,5.3959,"423",ABIDJAN 4,"12141",GROUPE SCOLAIRE LAROUSSE ABOBO,ABOBO,"PLATEAU DOKUI, CITE FOREST",5.395900000000000,-4.006500000000000,GENERALE,,,,,./0.png
0,0,"424",ABIDJAN 4,"252",GROUPE SCOLAIRE LEGRAND ABOBO,ABOBO,,,,GENERALE,,,,,./0.png
-4.0148,5.4449,"425",ABIDJAN 4,"33249",GROUPE SCOLAIRE LE NID DES COLOMBES Abobo,ABOBO,"SOGEFHIA, AKEIKOI",5.444900000000000,-4.014800000000000,GENERALE,,,,,./0.png
-4.0603,5.4477,"426",ABIDJAN 4,"35251",GROUPE SCOLAIRE LEOPOLD SEDAR SENGHOR Abobo,ABOBO,PK 18 AGOUETO,5.447700000000000,-4.060300000000000,GENERALE,,,,,./0.png
-4.0583,5.434,"427",ABIDJAN 4,"13042",GROUPE SCOLAIRE LE PARTHENON ABOBO,ABOBO,CITE SOTRAPIM,5.434000000000000,-4.058300000000000,GENERALE,,,,,./0.png
-4.0412,5.4235,"428",ABIDJAN 4,"190332",GROUPE SCOLAIRE LE PELLETIER,ABOBO,ABOBO Pk18,5.423500000000000,-4.041200000000000,GENERALE,,,,,./0.png
-4.0119,5.4274,"429",ABIDJAN 4,"9967",GROUPE SCOLAIRE LES ELITES ABOBO,ABOBO,AGBEKOI,5.427400000000000,-4.011900000000000,GENERALE,,,,,./0.png
-4.0267,5.429,"430",ABIDJAN 4,"190287",GROUPE SCOLAIRE LES FALAISES ANYAMA  Akoup� Zeudji,ANYAMA,SAGBE NORD,5.429000000000000,-4.026700000000000,GENERALE,,,,,./0.png
-4.0749,5.4519,"431",ABIDJAN 4,"190343",GROUPE SCOLAIRE MICHEL VAKO,ABOBO,Abobo N'Dotr�,5.451900000000000,-4.074900000000000,GENERALE,,,,,./0.png
0,0,"432",ABIDJAN 4,"17151",GROUPE SCOLAIRE NAHACLAN Anyama,ANYAMA,,,,GENERALE,,,,,./0.png
-4.0108,5.4067,"433",ABIDJAN 4,"339",GROUPE SCOLAIRE NANTI ABOBO,ABOBO,ABOBO SUD,5.406700000000000,-4.010800000000000,GENERALE,,,,,./0.png
-4.0634,5.4447,"434",ABIDJAN 4,"12206",GROUPE SCOLAIRE SAINTE ELISABETH ABOBO,ABOBO,PK18 AGOUETO,5.444700000000000,-4.063400000000000,GENERALE,,,,,./0.png
-4.0096,5.3912,"435",ABIDJAN 4,"190105",GROUPE SCOLAIRE SAINTE JEANNE ABOBO Plateau Dokui,ABOBO,CUMORAH,5.391200000000000,-4.009600000000000,GENERALE,,,,,./0.png
-4.035,5.4324,"436",ABIDJAN 4,"190007",GROUPE SCOLAIRE SAINT MATHIEU ABOBO,ABOBO,SAGBER NORD,5.432400000000000,-4.035000000000000,GENERALE,,,,,./0.png
-4.0607,5.4519,"437",ABIDJAN 4,"190023",GROUPE SCOLAIRE SELODESIR Abobo PK 18,ABOBO,PK18 AGOUETO,5.451900000000000,-4.060700000000000,GENERALE,,,,,./0.png
-4.015,5.4388,"438",ABIDJAN 4,"254",GS FUSOS COURS SOCIAUX ABOBO (EX-COURS SOCIAUX),ABOBO,"SOGEFHIA, COMPLEXE SPORTIF",5.438800000000000,-4.015000000000000,GENERALE,,,,,./0.png
0,0,"439",ABIDJAN 4,"190284",G.S.P.E.R ABOBO BC Extension,ABOBO,,,,GENERALE,,,,,./0.png
-4.0567,5.4459,"440",ABIDJAN 4,"190110",INSTITUT BOH VALENTIN ABOBO,ABOBO,PK18 AGOUETO,5.445900000000000,-4.056700000000000,GENERALE,,,,,./0.png
0,0,"441",ABIDJAN 4,"190607",INSTITUT D'ENS. GEN. SCIENTIF.  A.S. POUCHKINE ABOBO,ABOBO,,,,GENERALE,,,,,./0.png
0,0,"442",ABIDJAN 4,"190099",INSTITUT Scol. SEC. ESSEIGOU AKA ABOBO N'Guessankoi,ABOBO,,,,GENERALE,,,,,./0.png
-4.0097,5.4446,"443",ABIDJAN 4,"41614",COLLEGE ABOUDRAMANE TRAORE / ABOBO PK 18,ABOBO,ABOBO PK 18,5.444600000000000,-4.009700000000000,GENERALE,,,,,./0.png
-4.014,5.4419,"444",ABIDJAN 4,"49588",COLLEGE FAH DOUMBIA DE ABOBO,ABOBO,SOGEFIHA,5.441900000000000,-4.014000000000000,GENERALE,,,,,./0.png
-4.0212,5.4418,"445",ABIDJAN 4,"57953",COLLEGE PRIVE BOUN LAYE CAMARA,ABOBO,AVOCATIER,5.441800000000000,-4.021200000000000,GENERALE,,,,,./0.png
-4.9835,5.4439,"446",ABIDJAN 4,"57955",COLLEGE PRIVE HINNEH DE BIABOU,ABOBO,BIABOU,5.443900000000000,-4.983500000000000,GENERALE,,,,,./0.png
-4.0533,5.4851,"447",ABIDJAN 4,"9919",PENSIONNAT PROTESTANT FILLES ANYAMA,ANYAMA,"ANYAMA, BELLEVILLE",5.485100000000000,-4.053300000000000,GENERALE,,,,,./0.png
